Statement,Header,Field Name,Field Value,,,,,,,,
Statement,Data,Title,Transaction History,,,,,,,,
Statement,Data,Period,"May 21, 2024 - January 2, 2026",,,,,,,,
Statement,Data,WhenGenerated,"2026-01-05, 15:43:06 EST",,,,,,,,
Summary,Header,Field Name,Field Value,,,,,,,,
Summary,Data,Base Currency,USD,,,,,,,,
Summary,Data,Starting Cash,0,,,,,,,,
Summary,Data,Change,5620.32127,,,,,,,,
Summary,Data,Ending Cash,5620.32127,,,,,,,,
Transaction History,Header,Date,Account,Description,Transaction Type,Symbol,Quantity,Price,Gross Amount ,Commission,Net Amount
Transaction History,Data,1/2/2026,BNL RRSP,ISHARES 0-3 MONTH TREASURY B,Sell,SGOV,-100,100.41,10041,-1.0195,10039.9805
Transaction History,Data,1/2/2026,BNL RRSP,MICROSOFT CORP,Buy,MSFT,2,473.4,-946.8,-1,-947.8
Transaction History,Data,1/2/2026,BNL RRSP,TESLA INC,Buy,TSLA,5,438.69,-2193.45,-1,-2194.45
Transaction History,Data,1/2/2026,BNL RRSP,COSTCO WHOLESALE CORP,Buy,COST,1,854.5,-854.5,-1,-855.5
Transaction History,Data,1/2/2026,BNL RRSP,NETFLIX INC,Buy,NFLX,10,91.15,-911.5,-1,-912.5
Transaction History,Data,1/2/2026,BNL RRSP,FX Translations P&L,Adjustment,-,-,-,68.30797018,-,68.30797018
Transaction History,Data,12/31/2025,BNL RRSP,AVGO(US11135F1012) Cash Dividend USD 0.65 per Share (Ordinary Dividend),Dividend,AVGO,-,-,5.85,-,5.85
Transaction History,Data,12/30/2025,BNL RRSP,ISHARES 0-3 MONTH TREASURY B,Buy,SGOV,70,100.37,-7025.9,-1,-7026.9
Transaction History,Data,12/30/2025,BNL RRSP,ISHARES 0-3 MONTH TREASURY B,Buy,SGOV,200,100.37,-20074,-0.35,-20074.35
Transaction History,Data,12/29/2025,BNL RRSP,COSTCO WHOLESALE CORP,Buy,COST,2,867.8,-1735.6,-1,-1736.6
Transaction History,Data,12/26/2025,BNL RRSP,NVDA(US67066G1040) Cash Dividend USD 0.01 per Share (Ordinary Dividend),Dividend,NVDA,-,-,1.1,-,1.1
Transaction History,Data,12/24/2025,BNL RRSP,SGOV(US46436E7186) Cash Dividend USD 0.323046 per Share (Ordinary Dividend),Dividend,SGOV,-,-,323.05,-,323.05
Transaction History,Data,12/23/2025,BNL RRSP,META(US30303M1027) Cash Dividend USD 0.525 per Share (Ordinary Dividend),Dividend,META,-,-,21.53,-,21.53
Transaction History,Data,12/22/2025,BNL RRSP,NETFLIX INC,Buy,NFLX,10,94.73,-947.3,-1,-948.3
Transaction History,Data,12/22/2025,BNL RRSP,NETFLIX INC,Buy,NFLX,10,93,-930,-1,-931
Transaction History,Data,12/19/2025,BNL RRSP,NVIDIA CORP,Sell,NVDA,-12,180.97,2171.64,-1.001992,2170.638008
Transaction History,Data,12/19/2025,BNL RRSP,AMAZON.COM INC,Sell,AMZN,-10,227.83,2278.3,-1.00166,2277.29834
Transaction History,Data,12/19/2025,BNL RRSP,META PLATFORMS INC-CLASS A,Sell,META,-5,661.6,3308,-1.00083,3306.99917
Transaction History,Data,12/18/2025,BNL RRSP,MICROSOFT CORP,Sell,MSFT,-4,485.07,1940.28,-1.000664,1939.279336
Transaction History,Data,12/18/2025,BNL RRSP,ALPHABET INC-CL C,Sell,GOOG,-5,304.3022,1521.511,-1.00083,1520.51017
Transaction History,Data,12/18/2025,BNL RRSP,META PLATFORMS INC-CLASS A,Sell,META,-6,663.65,3981.9,-1.000996,3980.899004
Transaction History,Data,12/18/2025,BNL RRSP,MICROSOFT CORP,Sell,MSFT,-2,482.8,965.6,-1.000332,964.599668
Transaction History,Data,12/18/2025,BNL RRSP,MICROSOFT CORP,Sell,MSFT,-2,482.8,965.6,-3.32E-04,965.599668
Transaction History,Data,12/17/2025,BNL RRSP,BROADCOM INC,Buy,AVGO,3,324.76,-974.28,-1,-975.28
Transaction History,Data,12/17/2025,BNL RRSP,ADVANCED MICRO DEVICES,Buy,AMD,5,198.6378,-993.189,-1,-994.189
Transaction History,Data,12/17/2025,BNL RRSP,ALPHABET INC-CL C,Buy,GOOG,5,297.8,-1489,-1,-1490
Transaction History,Data,12/15/2025,BNL RRSP,BROADCOM INC,Buy,AVGO,3,346.695,-1040.085,-1,-1041.085
Transaction History,Data,12/15/2025,BNL RRSP,MICROSOFT CORP,Buy,MSFT,2,475,-950,-1,-951
Transaction History,Data,12/15/2025,BNL RRSP,GOOG(US02079K1079) Cash Dividend USD 0.21 per Share (Ordinary Dividend),Dividend,GOOG,-,-,10.5,-,10.5
Transaction History,Data,12/15/2025,BNL RRSP,SALESFORCE INC,Sell,CRM,-20,254.19,5083.8,-1.00332,5082.79668
Transaction History,Data,12/12/2025,BNL RRSP,COSTCO WHOLESALE CORP,Sell,COST,-1,878.8,878.8,-1.000166,877.799834
Transaction History,Data,12/12/2025,BNL RRSP,NVIDIA CORP,Buy,NVDA,6,176,-1056,-1,-1057
Transaction History,Data,12/12/2025,BNL RRSP,MICROSOFT CORP,Buy,MSFT,2,478.225,-956.45,-1,-957.45
Transaction History,Data,12/12/2025,BNL RRSP,BROADCOM INC,Buy,AVGO,3,357.63,-1072.89,-1,-1073.89
Transaction History,Data,12/11/2025,BNL RRSP,MSFT(US5949181045) Cash Dividend USD 0.91 per Share (Ordinary Dividend),Dividend,MSFT,-,-,41.86,-,41.86
Transaction History,Data,12/11/2025,BNL RRSP,NVIDIA CORP,Buy,NVDA,6,177.085,-1062.51,-1,-1063.51
Transaction History,Data,12/11/2025,BNL RRSP,NETFLIX INC,Buy,NFLX,10,94,-940,-1,-941
Transaction History,Data,12/11/2025,BNL RRSP,ALPHABET INC-CL C,Sell,GOOG,-10,313.97,3139.7,-1.00166,3138.69834
Transaction History,Data,12/11/2025,BNL RRSP,MICROSOFT CORP,Buy,MSFT,1,485.86,-485.86,-1,-486.86
Transaction History,Data,12/11/2025,BNL RRSP,MICROSOFT CORP,Buy,MSFT,2,485.86,-971.72,-,-971.72
Transaction History,Data,12/10/2025,BNL RRSP,MICROSOFT CORP,Buy,MSFT,2,482,-964,-1,-965
Transaction History,Data,12/10/2025,BNL RRSP,NETFLIX INC,Buy,NFLX,15,94.705,-1420.575,-1,-1421.575
Transaction History,Data,12/10/2025,BNL RRSP,UBER TECHNOLOGIES INC,Buy,UBER,7,83.18,-582.26,-1,-583.26
Transaction History,Data,12/10/2025,BNL RRSP,UBER TECHNOLOGIES INC,Buy,UBER,8,83.18,-665.44,-,-665.44
Transaction History,Data,12/10/2025,BNL RRSP,COSTCO WHOLESALE CORP,Buy,COST,1,876.6,-876.6,-1,-877.6
Transaction History,Data,12/4/2025,BNL RRSP,META 20FEB26 500 C,Sell,META  260220C00500000,-1,182.61,18261,-1.01689,18259.98311
Transaction History,Data,12/4/2025,BNL RRSP,SGOV(US46436E7186) Cash Dividend USD 0.312906 per Share (Ordinary Dividend),Dividend,SGOV,-,-,312.91,-,312.91
Transaction History,Data,12/3/2025,BNL RRSP,USD Credit Interest for Nov-2025,Credit Interest,-,-,-,13.6,-,13.6
Transaction History,Data,11/26/2025,BNL RRSP,ALPHABET INC-CL C,Sell,GOOG,-5,318.68,1593.4,-1.00094,1592.39906
Transaction History,Data,11/26/2025,BNL RRSP,ALPHABET INC-CL C,Sell,GOOG,-5,318.68,1593.4,-9.40E-04,1593.39906
Transaction History,Data,11/26/2025,BNL RRSP,NVIDIA CORP,Sell,NVDA,-20,180.09,3601.8,-1.00376,3600.79624
Transaction History,Data,11/26/2025,BNL RRSP,SALESFORCE INC,Buy,CRM,5,228.4,-1142,-1.00011,-1143.00011
Transaction History,Data,11/26/2025,BNL RRSP,ISHARES 0-3 MONTH TREASURY B,Buy,SGOV,200,100.645,-20129,-1.0044,-20130.0044
Transaction History,Data,11/24/2025,BNL RRSP,NVIDIA CORP,Buy,NVDA,10,178.16,-1781.6,-1.00022,-1782.60022
Transaction History,Data,11/21/2025,BNL RRSP,MICROSOFT CORP,Buy,MSFT,1,477,-477,-1.000022,-478.000022
Transaction History,Data,11/21/2025,BNL RRSP,MICROSOFT CORP,Buy,MSFT,1,477,-477,-2.20E-05,-477.000022
Transaction History,Data,11/21/2025,BNL RRSP,NVIDIA CORP,Buy,NVDA,10,176,-1760,-1.00022,-1761.00022
Transaction History,Data,11/21/2025,BNL RRSP,ADVANCED MICRO DEVICES,Buy,AMD,5,197,-985,-1.00011,-986.00011
Transaction History,Data,11/21/2025,BNL RRSP,ISHARES 0-3 MONTH TREASURY B,Sell,SGOV,-100,100.595,10059.5,-1.0188,10058.4812
Transaction History,Data,11/21/2025,BNL RRSP,MICROSOFT CORP,Buy,MSFT,2,470,-940,-1.000044,-941.000044
Transaction History,Data,11/21/2025,BNL RRSP,TAIWAN SEMICONDUCTOR-SP ADR,Buy,TSM,5,275,-1375,-1.00011,-1376.00011
Transaction History,Data,11/21/2025,BNL RRSP,ORACLE CORP,Buy,ORCL,5,200,-1000,-1.00011,-1001.00011
Transaction History,Data,11/21/2025,BNL RRSP,MICROSOFT CORP,Sell,MSFT,-2,474.86,949.72,-1.000376,948.719624
Transaction History,Data,11/21/2025,BNL RRSP,NVIDIA CORP,Sell,NVDA,-10,181.33,1813.3,-1.00188,1812.29812
Transaction History,Data,11/21/2025,BNL RRSP,ADVANCED MICRO DEVICES,Sell,AMD,-5,205.46,1027.3,-1.00094,1026.29906
Transaction History,Data,11/21/2025,BNL RRSP,ORACLE CORP,Sell,ORCL,-1,199.21,199.21,-1.000188,198.209812
Transaction History,Data,11/21/2025,BNL RRSP,ORACLE CORP,Sell,ORCL,-29,199.21,5777.09,-0.005452,5777.084548
Transaction History,Data,11/20/2025,BNL RRSP,MICROSOFT CORP,Buy,MSFT,2,481,-962,-1.000044,-963.000044
Transaction History,Data,11/20/2025,BNL RRSP,NVIDIA CORP,Buy,NVDA,10,182,-1820,-1.00022,-1821.00022
Transaction History,Data,11/20/2025,BNL RRSP,ADVANCED MICRO DEVICES,Buy,AMD,5,213.33,-1066.65,-1.00011,-1067.65011
Transaction History,Data,11/20/2025,BNL RRSP,MERCADOLIBRE INC,Buy,MELI,1,1918,-1918,-1.000022,-1919.000022
Transaction History,Data,11/20/2025,BNL RRSP,ADVANCED MICRO DEVICES,Buy,AMD,5,208.5,-1042.5,-1.00011,-1043.50011
Transaction History,Data,11/20/2025,BNL RRSP,MERCADOLIBRE INC,Sell,MELI,-1,1926,1926,-1.000188,1924.999812
Transaction History,Data,11/20/2025,BNL RRSP,AMAZON.COM INC,Buy,AMZN,5,217,-1085,-1.00011,-1086.00011
Transaction History,Data,11/19/2025,BNL RRSP,META PLATFORMS INC-CLASS A,Buy,META,5,587.745,-2938.725,-1.00011,-2939.72511
Transaction History,Data,11/19/2025,BNL RRSP,META PLATFORMS INC-CLASS A,Sell,META,-5,587.18,2935.9,-1.00094,2934.89906
Transaction History,Data,11/19/2025,BNL RRSP,NVIDIA CORP,Sell,NVDA,-5,185.782,928.91,-1.00094,927.90906
Transaction History,Data,11/18/2025,BNL RRSP,MICROSOFT CORP,Buy,MSFT,2,492.55,-985.1,-1.000044,-986.100044
Transaction History,Data,11/18/2025,BNL RRSP,AMAZON.COM INC,Buy,AMZN,5,223.5,-1117.5,-1.00011,-1118.50011
Transaction History,Data,11/18/2025,BNL RRSP,MICROSOFT CORP,Sell,MSFT,-2,495.34,990.68,-1.000376,989.679624
Transaction History,Data,11/17/2025,BNL RRSP,ALPHABET INC-CL C,Sell,GOOG,-20,288.9,5778,-1.00376,5776.99624
Transaction History,Data,11/17/2025,BNL RRSP,MICROSOFT CORP,Sell,MSFT,-2,506.12,1012.24,-1.000376,1011.239624
Transaction History,Data,11/17/2025,BNL RRSP,META PLATFORMS INC-CLASS A,Sell,META,-1,606.35,606.35,-1.000188,605.349812
Transaction History,Data,11/17/2025,BNL RRSP,META PLATFORMS INC-CLASS A,Sell,META,-1,606.35,606.35,-1.88E-04,606.349812
Transaction History,Data,11/17/2025,BNL RRSP,META PLATFORMS INC-CLASS A,Buy,META,2,598,-1196,-1.000044,-1197.000044
Transaction History,Data,11/17/2025,BNL RRSP,ALPHABET INC-CL C,Buy,GOOG,10,284.49,-2844.9,-1.00022,-2845.90022
Transaction History,Data,11/17/2025,BNL RRSP,NVIDIA CORP,Buy,NVDA,5,184.7293,-923.6465,-1.00011,-924.64661
Transaction History,Data,11/17/2025,BNL RRSP,META PLATFORMS INC-CLASS A,Sell,META,-2,601.25,1202.5,-1.000376,1201.499624
Transaction History,Data,11/17/2025,BNL RRSP,NVIDIA CORP,Sell,NVDA,-5,186.54,932.7,-1.00094,931.69906
Transaction History,Data,11/17/2025,BNL RRSP,AMAZON.COM INC,Buy,AMZN,5,232.65,-1163.25,-1.00011,-1164.25011
Transaction History,Data,11/14/2025,BNL RRSP,MICROSOFT CORP,Buy,MSFT,2,502,-1004,-1.000044,-1005.000044
Transaction History,Data,11/13/2025,BNL RRSP,PFE 18SEP26 18 C,Sell,PFE   260918C00018000,-2,8.5,1700,-0.55738,1699.44262
Transaction History,Data,11/13/2025,BNL RRSP,NVIDIA CORP,Buy,NVDA,5,187,-935,-1.00011,-936.00011
Transaction History,Data,11/13/2025,BNL RRSP,AMAZON.COM INC,Buy,AMZN,5,240,-1200,-1.00011,-1201.00011
Transaction History,Data,11/13/2025,BNL RRSP,TAIWAN SEMICONDUCTOR-SP ADR,Buy,TSM,10,280.67,-2806.7,-1.00022,-2807.70022
Transaction History,Data,11/13/2025,BNL RRSP,TESLA INC,Sell,TSLA,-12,398.312,4779.744,-1.002256,4778.741744
Transaction History,Data,11/13/2025,BNL RRSP,META PLATFORMS INC-CLASS A,Buy,META,2,605,-1210,-1.000044,-1211.000044
Transaction History,Data,11/12/2025,BNL RRSP,NVIDIA CORP,Buy,NVDA,5,192,-960,-1.00011,-961.00011
Transaction History,Data,11/12/2025,BNL RRSP,META PLATFORMS INC-CLASS A,Buy,META,2,610,-1220,-1.000044,-1221.000044
Transaction History,Data,11/11/2025,BNL RRSP,META PLATFORMS INC-CLASS A,Buy,META,2,624.5,-1249,-1.000044,-1250.000044
Transaction History,Data,11/10/2025,BNL RRSP,META PLATFORMS INC-CLASS A,Sell,META,-2,632.19,1264.38,-1.000376,1263.379624
Transaction History,Data,11/10/2025,BNL RRSP,MICROSOFT CORP,Sell,MSFT,-2,503.59,1007.18,-1.000376,1006.179624
Transaction History,Data,11/10/2025,BNL RRSP,NVIDIA CORP,Sell,NVDA,-10,196.0317,1960.317,-1.00188,1959.31512
Transaction History,Data,11/10/2025,BNL RRSP,TESLA INC,Sell,TSLA,-2,443.355,886.71,-1.000376,885.709624
Transaction History,Data,11/7/2025,BNL RRSP,TESLA INC,Buy,TSLA,2,430,-860,-1.000044,-861.000044
Transaction History,Data,11/7/2025,BNL RRSP,NVIDIA CORP,Buy,NVDA,10,180,-1800,-1.00022,-1801.00022
Transaction History,Data,11/7/2025,BNL RRSP,MICROSOFT CORP,Buy,MSFT,2,495,-990,-1.000044,-991.000044
Transaction History,Data,11/7/2025,BNL RRSP,TESLA INC,Buy,TSLA,2,425,-850,-1.000044,-851.000044
Transaction History,Data,11/6/2025,BNL RRSP,SGOV(US46436E7186) Cash Dividend USD 0.347608 per Share (Ordinary Dividend),Dividend,SGOV,-,-,312.85,-,312.85
Transaction History,Data,11/6/2025,BNL RRSP,NVIDIA CORP,Buy,NVDA,10,188.3,-1883,-1.00022,-1884.00022
Transaction History,Data,11/6/2025,BNL RRSP,META PLATFORMS INC-CLASS A,Buy,META,2,624,-1248,-1.000044,-1249.000044
Transaction History,Data,11/6/2025,BNL RRSP,MICROSOFT CORP,Buy,MSFT,2,499.7486,-999.4972,-1.000044,-1000.497244
Transaction History,Data,11/6/2025,BNL RRSP,NVIDIA CORP,Sell,NVDA,-10,190.49,1904.9,-1.00188,1903.89812
Transaction History,Data,11/6/2025,BNL RRSP,META 20FEB26 500 C,Buy,META  260220C00500000,1,138,-13800,-1.0459,-13801.0459
Transaction History,Data,11/5/2025,BNL RRSP,USD Credit Interest for Oct-2025,Credit Interest,-,-,-,59.43,-,59.43
Transaction History,Data,11/5/2025,BNL RRSP,MICROSOFT CORP,Buy,MSFT,2,508.7788,-1017.5576,-1.000044,-1018.557644
Transaction History,Data,10/31/2025,BNL RRSP,INTU 31OCT25 640 C,Sell,INTU  251031C00640000,-1,16,1600,-0.04869,1599.95131
Transaction History,Data,10/31/2025,BNL RRSP,MICROSOFT CORP,Buy,MSFT,2,515.2,-1030.4,-1.000044,-1031.400044
Transaction History,Data,10/31/2025,BNL RRSP,META PLATFORMS INC-CLASS A,Buy,META,1,646.98,-646.98,-1.000022,-647.980022
Transaction History,Data,10/31/2025,BNL RRSP,META PLATFORMS INC-CLASS A,Buy,META,1,647,-647,-2.20E-05,-647.000022
Transaction History,Data,10/30/2025,BNL RRSP,ALPHABET INC-CL C,Sell,GOOG,-20,293.91,5878.2,-1.00376,5877.19624
Transaction History,Data,10/30/2025,BNL RRSP,META PLATFORMS INC-CLASS A,Buy,META,5,658.76,-3293.8,-1.00011,-3294.80011
Transaction History,Data,10/30/2025,BNL RRSP,ALPHABET INC-CL C,Buy,GOOG,20,287.58,-5751.6,-1.00044,-5752.60044
Transaction History,Data,10/30/2025,BNL RRSP,NVIDIA CORP,Buy,NVDA,10,203.15,-2031.5,-1.00022,-2032.50022
Transaction History,Data,10/30/2025,BNL RRSP,INTUITIVE SURGICAL INC,Sell,ISRG,-15,532.26,7983.9,-1.00282,7982.89718
Transaction History,Data,10/30/2025,BNL RRSP,META PLATFORMS INC-CLASS A,Buy,META,5,671,-3355,-1.00011,-3356.00011
Transaction History,Data,10/29/2025,BNL RRSP,ORACLE CORP,Buy,ORCL,5,274.63,-1373.15,-1.00011,-1374.15011
Transaction History,Data,10/29/2025,BNL RRSP,INTU 31OCT25 640 C,Buy,INTU  251031C00640000,1,15.27,-1527,-1.0459,-1528.0459
Transaction History,Data,10/29/2025,BNL RRSP,INTUIT INC,Buy,INTU,2,650.5,-1301,-1.000044,-1302.000044
Transaction History,Data,10/29/2025,BNL RRSP,META PLATFORMS INC-CLASS A,Buy,META,3,685.19,-2055.57,-1.000066,-2056.570066
Transaction History,Data,10/29/2025,BNL RRSP,MICROSOFT CORP,Buy,MSFT,3,521.29,-1563.87,-1.000066,-1564.870066
Transaction History,Data,10/29/2025,BNL RRSP,INTUIT INC,Sell,INTU,-2,655,1310,-1.000376,1308.999624
Transaction History,Data,10/23/2025,BNL RRSP,ORCL(US68389X1054) Cash Dividend USD 0.50 per Share (Ordinary Dividend),Dividend,ORCL,-,-,7.5,-,7.5
Transaction History,Data,10/23/2025,BNL RRSP,NVO 18SEP26 30 C,Buy,NVO   260918C00030000,1,24.5,-2450,-1.0459,-2451.0459
Transaction History,Data,10/23/2025,BNL RRSP,PFE 18SEP26 18 C,Buy,PFE   260918C00018000,2,6.8,-1360,-0.8318,-1360.8318
Transaction History,Data,10/22/2025,BNL RRSP,COREWEAVE INC-CL A,Sell,CRWV,-15,116.9,1753.5,-1.00282,1752.49718
Transaction History,Data,10/22/2025,BNL RRSP,CIRCLE INTERNET GROUP INC,Sell,CRCL,-10,123.19,1231.9,-1.00188,1230.89812
Transaction History,Data,10/21/2025,BNL RRSP,UPS 20MAR26 70 C,Sell,UPS   260320C00070000,-1,19,1900,-1.04869,1898.95131
Transaction History,Data,10/20/2025,BNL RRSP,ORACLE CORP,Buy,ORCL,5,276.7,-1383.5,-1.00011,-1384.50011
Transaction History,Data,10/13/2025,BNL RRSP,INTUITIVE SURGICAL INC,Sell,ISRG,-5,434.535,2172.675,-1.00094,2171.67406
Transaction History,Data,10/13/2025,BNL RRSP,META PLATFORMS INC-CLASS A,Sell,META,-1,716.45,716.45,-1.000188,715.449812
Transaction History,Data,10/13/2025,BNL RRSP,META PLATFORMS INC-CLASS A,Sell,META,-2,716.45,1432.9,-3.76E-04,1432.899624
Transaction History,Data,10/13/2025,BNL RRSP,META PLATFORMS INC-CLASS A,Sell,META,-1,716.45,716.45,-1.88E-04,716.449812
Transaction History,Data,10/13/2025,BNL RRSP,ALPHABET INC-CL C,Sell,GOOG,-10,242.77,2427.7,-1.00188,2426.69812
Transaction History,Data,10/13/2025,BNL RRSP,AMAZON.COM INC,Sell,AMZN,-5,219.845,1099.225,-1.00094,1098.22406
Transaction History,Data,10/13/2025,BNL RRSP,MICROSOFT CORP,Sell,MSFT,-3,513.4035,1540.2105,-1.000564,1539.209936
Transaction History,Data,10/13/2025,BNL RRSP,ALPHABET INC-CL C,Sell,GOOG,-10,243.9,2439,-1.00188,2437.99812
Transaction History,Data,10/10/2025,BNL RRSP,AMAZON.COM INC,Buy,AMZN,5,218,-1090,-1.00011,-1091.00011
Transaction History,Data,10/10/2025,BNL RRSP,META PLATFORMS INC-CLASS A,Buy,META,2,710,-1420,-1.000044,-1421.000044
Transaction History,Data,10/10/2025,BNL RRSP,ELI LILLY & CO,Sell,LLY,-5,838.96,4194.8,-1.00094,4193.79906
Transaction History,Data,10/10/2025,BNL RRSP,INTUITIVE SURGICAL INC,Buy,ISRG,5,430,-2150,-1.00011,-2151.00011
Transaction History,Data,10/10/2025,BNL RRSP,ALPHABET INC-CL C,Buy,GOOG,10,237,-2370,-1.00022,-2371.00022
Transaction History,Data,10/10/2025,BNL RRSP,META PLATFORMS INC-CLASS A,Buy,META,2,699,-1398,-1.000044,-1399.000044
Transaction History,Data,10/9/2025,BNL RRSP,ALPHABET INC-CL C,Buy,GOOG,10,240.85,-2408.5,-1.00022,-2409.50022
Transaction History,Data,10/9/2025,BNL RRSP,CRM(US79466L3024) Cash Dividend USD 0.416 per Share (Ordinary Dividend),Dividend,CRM,-,-,4.16,-,4.16
Transaction History,Data,10/7/2025,BNL RRSP,ADVANCED MICRO DEVICES,Sell,AMD,-20,207,4140,-1.00376,4138.99624
Transaction History,Data,10/7/2025,BNL RRSP,NVO 20MAR26 40 C,Sell,NVO   260320C00040000,-1,21,2100,-0.69869,2099.30131
Transaction History,Data,10/6/2025,BNL RRSP,SGOV(US46436E7186) Cash Dividend USD 0.346643 per Share (Ordinary Dividend),Dividend,SGOV,-,-,346.64,-,346.64
Transaction History,Data,10/3/2025,BNL RRSP,USD Credit Interest for Sep-2025,Credit Interest,-,-,-,23.45,-,23.45
Transaction History,Data,10/3/2025,BNL RRSP,INTUITIVE SURGICAL INC,Buy,ISRG,15,454.5,-6817.5,-1.00033,-6818.50033
Transaction History,Data,10/3/2025,BNL RRSP,IONQ INC,Sell,IONQ,-30,72.76,2182.8,-1.00564,2181.79436
Transaction History,Data,10/3/2025,BNL RRSP,D-WAVE QUANTUM INC,Sell,QBTS,-80,32.821,2625.68,-1.01504,2624.66496
Transaction History,Data,10/3/2025,BNL RRSP,RIGETTI COMPUTING INC,Sell,RGTI,-70,40,2800,-1.01316,2798.98684
Transaction History,Data,10/3/2025,BNL RRSP,QUANTUM COMPUTING INC,Sell,QUBT,-75,25,1875,-1.0141,1873.9859
Transaction History,Data,10/3/2025,BNL RRSP,MICROSOFT CORP,Sell,MSFT,-2,517.53,1035.06,-1.000376,1034.059624
Transaction History,Data,10/3/2025,BNL RRSP,ALPHABET INC-CL C,Sell,GOOG,-10,245.965,2459.65,-1.00188,2458.64812
Transaction History,Data,10/3/2025,BNL RRSP,ELI LILLY & CO,Sell,LLY,-5,845.39,4226.95,-1.00094,4225.94906
Transaction History,Data,10/3/2025,BNL RRSP,ADVANCED MICRO DEVICES,Sell,AMD,-5,164.76,823.8,-1.00094,822.79906
Transaction History,Data,10/3/2025,BNL RRSP,LOCKHEED MARTIN CORP,Sell,LMT,-8,505.74,4045.92,-1.001504,4044.918496
Transaction History,Data,10/3/2025,BNL RRSP,META PLATFORMS INC-CLASS A,Buy,META,1,711.18,-711.18,-1.000022,-712.180022
Transaction History,Data,10/3/2025,BNL RRSP,META PLATFORMS INC-CLASS A,Buy,META,1,711.19,-711.19,-2.20E-05,-711.190022
Transaction History,Data,10/2/2025,BNL RRSP,NVDA(US67066G1040) Cash Dividend USD 0.01 per Share (Ordinary Dividend),Dividend,NVDA,-,-,0.85,-,0.85
Transaction History,Data,10/1/2025,BNL RRSP,ISHARES 0-3 MONTH TREASURY B,Sell,SGOV,-100,100.37,10037,-1.0188,10035.9812
Transaction History,Data,10/1/2025,BNL RRSP,META PLATFORMS INC-CLASS A,Buy,META,4,714,-2856,-1.000088,-2857.000088
Transaction History,Data,10/1/2025,BNL RRSP,INTUIT INC,Sell,INTU,-2,675.5,1351,-1.000376,1349.999624
Transaction History,Data,10/1/2025,BNL RRSP,SERVICENOW INC,Buy,NOW,1,902,-902,-1.000022,-903.000022
Transaction History,Data,10/1/2025,BNL RRSP,SALESFORCE INC,Buy,CRM,5,233.8,-1169,-1.00011,-1170.00011
Transaction History,Data,10/1/2025,BNL RRSP,SERVICENOW INC,Sell,NOW,-3,896.48,2689.44,-1.000564,2688.439436
Transaction History,Data,9/30/2025,BNL RRSP,ORACLE CORP,Buy,ORCL,5,278,-1390,-1.00011,-1391.00011
Transaction History,Data,9/30/2025,BNL RRSP,META PLATFORMS INC-CLASS A,Buy,META,2,730,-1460,-1.000044,-1461.000044
Transaction History,Data,9/30/2025,BNL RRSP,ALPHABET INC-CL C,Buy,GOOG,10,241.75,-2417.5,-1.00022,-2418.50022
Transaction History,Data,9/29/2025,BNL RRSP,META(US30303M1027) Cash Dividend USD 0.525 per Share (Ordinary Dividend),Dividend,META,-,-,5.25,-,5.25
Transaction History,Data,9/26/2025,BNL RRSP,COSTCO WHOLESALE CORP,Sell,COST,-5,916.199,4580.995,-1.00094,4579.99406
Transaction History,Data,9/26/2025,BNL RRSP,META PLATFORMS INC-CLASS A,Buy,META,2,740,-1480,-1.000044,-1481.000044
Transaction History,Data,9/26/2025,BNL RRSP,LMT(US5398301094) Cash Dividend USD 3.30 per Share (Ordinary Dividend),Dividend,LMT,-,-,26.4,-,26.4
Transaction History,Data,9/26/2025,BNL RRSP,MICROSOFT CORP,Buy,MSFT,2,507,-1014,-1.000044,-1015.000044
Transaction History,Data,9/26/2025,BNL RRSP,ORACLE CORP,Buy,ORCL,1,284.8,-284.8,-1.000022,-285.800022
Transaction History,Data,9/26/2025,BNL RRSP,ORACLE CORP,Buy,ORCL,9,284.8,-2563.2,-1.98E-04,-2563.200198
Transaction History,Data,9/26/2025,BNL RRSP,ISHARES 0-3 MONTH TREASURY B,Buy,SGOV,300,100.68,-30204,-1.5066,-30205.5066
Transaction History,Data,9/25/2025,BNL RRSP,IBM 18JUN26 200 C,Sell,IBM   260618C00200000,-1,85,8500,-1.05344,8498.94656
Transaction History,Data,9/25/2025,BNL RRSP,MRVL 18SEP26 30 C,Sell,MRVL  260918C00030000,-1,55,5500,-0.63344,5499.36656
Transaction History,Data,9/25/2025,BNL RRSP,COSTCO WHOLESALE CORP,Buy,COST,1,938.8,-938.8,-1.000022,-939.800022
Transaction History,Data,9/25/2025,BNL RRSP,QUANTUM COMPUTING INC,Buy,QUBT,25,19.5,-487.5,-1.00055,-488.50055
Transaction History,Data,9/25/2025,BNL RRSP,AMAZON.COM INC,Buy,AMZN,5,218,-1090,-1.00011,-1091.00011
Transaction History,Data,9/24/2025,BNL RRSP,QUANTUM COMPUTING INC,Buy,QUBT,50,21.085,-1054.25,-1.0011,-1055.2511
Transaction History,Data,9/23/2025,BNL RRSP,AMAZON.COM INC,Buy,AMZN,5,221.53,-1107.65,-1.00011,-1108.65011
Transaction History,Data,9/23/2025,BNL RRSP,MICROSOFT CORP,Buy,MSFT,3,509.66,-1528.98,-1.000066,-1529.980066
Transaction History,Data,9/23/2025,BNL RRSP,TESLA INC,Buy,TSLA,2,425,-850,-1.000044,-851.000044
Transaction History,Data,9/23/2025,BNL RRSP,ASML HOLDING NV-NY REG SHS,Sell,ASML,-7,960.73,6725.11,-1.001316,6724.108684
Transaction History,Data,9/23/2025,BNL RRSP,NVIDIA CORP,Buy,NVDA,10,177.785,-1777.85,-1.00022,-1778.85022
Transaction History,Data,9/23/2025,BNL RRSP,META PLATFORMS INC-CLASS A,Buy,META,2,753.27,-1506.54,-1.000044,-1507.540044
Transaction History,Data,9/22/2025,BNL RRSP,D-WAVE QUANTUM INC,Sell,QBTS,-50,25.725,1286.25,-1.0094,1285.2406
Transaction History,Data,9/22/2025,BNL RRSP,RIGETTI COMPUTING INC,Sell,RGTI,-30,28.15,844.5,-1.00564,843.49436
Transaction History,Data,9/22/2025,BNL RRSP,IONQ INC,Sell,IONQ,-10,70.93,709.3,-1.00188,708.29812
Transaction History,Data,9/22/2025,BNL RRSP,ALPHABET INC-CL C,Sell,GOOG,-30,252.82,7584.6,-1.00564,7583.59436
Transaction History,Data,9/19/2025,BNL RRSP,ARM HOLDINGS PLC-ADR,Sell,ARM,-10,142.86,1428.6,-1.00188,1427.59812
Transaction History,Data,9/15/2025,BNL RRSP,GOOG(US02079K1079) Cash Dividend USD 0.21 per Share (Ordinary Dividend),Dividend,GOOG,-,-,21,-,21
Transaction History,Data,9/11/2025,BNL RRSP,MSFT(US5949181045) Cash Dividend USD 0.83 per Share (Ordinary Dividend),Dividend,MSFT,-,-,20.75,-,20.75
Transaction History,Data,9/11/2025,BNL RRSP,CIRCLE INTERNET GROUP INC,Sell,CRCL,-8,129.885,1039.08,-1.001544,1038.078456
Transaction History,Data,9/10/2025,BNL RRSP,LLY(US5324571083) Cash Dividend USD 1.50 per Share (Ordinary Dividend),Dividend,LLY,-,-,15,-,15
Transaction History,Data,9/9/2025,BNL RRSP,ARM(042068205) ADR Fee USD 0.02 per Share,Other Fee,ARM,-,-,-0.2,-,-0.2
Transaction History,Data,9/5/2025,BNL RRSP,MICROSOFT CORP,Buy,MSFT,2,495,-990,-1.000044,-991.000044
Transaction History,Data,9/5/2025,BNL RRSP,ADVANCED MICRO DEVICES,Buy,AMD,5,150.3,-751.5,-1.00011,-752.50011
Transaction History,Data,9/5/2025,BNL RRSP,SGOV(US46436E7186) Cash Dividend USD 0.360128 per Share (Ordinary Dividend),Dividend,SGOV,-,-,252.09,-,252.09
Transaction History,Data,9/5/2025,BNL RRSP,NVIDIA CORP,Buy,NVDA,5,166.5,-832.5,-1.00011,-833.50011
Transaction History,Data,9/5/2025,BNL RRSP,INTUITIVE SURGICAL INC,Sell,ISRG,-7,465,3255,-1.001316,3253.998684
Transaction History,Data,9/4/2025,BNL RRSP,USD Credit Interest for Aug-2025,Credit Interest,-,-,-,99.19,-,99.19
Transaction History,Data,9/4/2025,BNL RRSP,COREWEAVE INC-CL A,Buy,CRWV,5,88.215,-441.075,-1.000135,-442.075135
Transaction History,Data,9/4/2025,BNL RRSP,CIRCLE INTERNET GROUP INC,Buy,CRCL,5,115.6,-578,-1.00011,-579.00011
Transaction History,Data,9/2/2025,BNL RRSP,MRVL 18SEP26 30 C,Buy,MRVL  260918C00030000,1,35.5,-3550,-0.70065,-3550.70065
Transaction History,Data,9/2/2025,BNL RRSP,CIRCLE INTERNET GROUP INC,Buy,CRCL,5,123.2,-616,-1.00011,-617.00011
Transaction History,Data,9/2/2025,BNL RRSP,PFE(US7170811035) Cash Dividend USD 0.43 per Share (Ordinary Dividend),Dividend,PFE,-,-,64.5,-,64.5
Transaction History,Data,8/29/2025,BNL RRSP,NVIDIA CORP,Buy,NVDA,10,174.15,-1741.5,-1.00022,-1742.50022
Transaction History,Data,8/29/2025,BNL RRSP,META PLATFORMS INC-CLASS A,Buy,META,2,738,-1476,-1.000044,-1477.000044
Transaction History,Data,8/29/2025,BNL RRSP,TESLA INC,Buy,TSLA,3,332.2793,-996.8379,-1.000081,-997.837981
Transaction History,Data,8/28/2025,BNL RRSP,ISHARES 0-3 MONTH TREASURY B,Sell,SGOV,-50,100.69,5034.5,-1.00965,5033.49035
Transaction History,Data,8/28/2025,BNL RRSP,ISHARES 0-3 MONTH TREASURY B,Sell,SGOV,-150,100.69,15103.5,-0.02895,15103.47105
Transaction History,Data,8/25/2025,BNL RRSP,COSTCO WHOLESALE CORP,Buy,COST,1,945.2,-945.2,-1.000022,-946.200022
Transaction History,Data,8/25/2025,BNL RRSP,INTUIT INC,Buy,INTU,2,657,-1314,-1.000044,-1315.000044
Transaction History,Data,8/25/2025,BNL RRSP,CIRCLE INTERNET GROUP INC,Buy,CRCL,8,127.5,-1020,-1.000176,-1021.000176
Transaction History,Data,8/25/2025,BNL RRSP,SERVICENOW INC,Buy,NOW,2,880,-1760,-1.000044,-1761.000044
Transaction History,Data,8/25/2025,BNL RRSP,IONQ INC,Buy,IONQ,7,39,-273,-1.000154,-274.000154
Transaction History,Data,8/25/2025,BNL RRSP,IONQ INC,Buy,IONQ,13,39,-507,-2.86E-04,-507.000286
Transaction History,Data,8/22/2025,BNL RRSP,MICROSOFT CORP,Buy,MSFT,10,508.41,-5084.1,-1.00027,-5085.10027
Transaction History,Data,8/22/2025,BNL RRSP,META PLATFORMS INC-CLASS A,Buy,META,3,750.87,-2252.61,-1.000066,-2253.610066
Transaction History,Data,8/22/2025,BNL RRSP,AMAZON.COM INC,Buy,AMZN,10,224.63,-2246.3,-1.00022,-2247.30022
Transaction History,Data,8/22/2025,BNL RRSP,NVIDIA CORP,Buy,NVDA,20,176.825,-3536.5,-1.00054,-3537.50054
Transaction History,Data,8/22/2025,BNL RRSP,ISHARES 0-3 MONTH TREASURY B,Sell,SGOV,-100,100.635,10063.5,-1.0193,10062.4807
Transaction History,Data,8/22/2025,BNL RRSP,ADVANCED MICRO DEVICES,Buy,AMD,20,166.14,-3322.8,-1.00044,-3323.80044
Transaction History,Data,8/21/2025,BNL RRSP,INTUITIVE SURGICAL INC,Buy,ISRG,2,472.91,-945.82,-1.000044,-946.820044
Transaction History,Data,8/20/2025,BNL RRSP,IBM 18JUN26 200 C,Buy,IBM   260618C00200000,1,51.5,-5150,-1.05145,-5151.05145
Transaction History,Data,8/20/2025,BNL RRSP,AMAZON.COM INC,Buy,AMZN,10,222.8,-2228,-1.00022,-2229.00022
Transaction History,Data,8/20/2025,BNL RRSP,META PLATFORMS INC-CLASS A,Buy,META,5,738,-3690,-1.00011,-3691.00011
Transaction History,Data,8/20/2025,BNL RRSP,ISHARES 0-3 MONTH TREASURY B,Sell,SGOV,-100,100.595,10059.5,-1.0193,10058.4807
Transaction History,Data,8/20/2025,BNL RRSP,MICROSOFT CORP,Buy,MSFT,5,505.8,-2529,-1.00011,-2530.00011
Transaction History,Data,8/19/2025,BNL RRSP,UNH 20FEB26 240 C,Sell,UNH   260220C00240000,-1,71.5,7150,-0.80424,7149.19576
Transaction History,Data,8/19/2025,BNL RRSP,UPS 16JAN26 80 C,Sell,UPS   260116C00080000,-1,11.75,1175,-0.80424,1174.19576
Transaction History,Data,8/18/2025,BNL RRSP,D-WAVE QUANTUM INC,Buy,QBTS,130,16.58,-2155.4,-1.00286,-2156.40286
Transaction History,Data,8/18/2025,BNL RRSP,RIGETTI COMPUTING INC,Buy,RGTI,100,16.64,-1664,-1.0022,-1665.0022
Transaction History,Data,8/18/2025,BNL RRSP,IONQ INC,Buy,IONQ,20,40.08,-801.6,-1.00044,-802.60044
Transaction History,Data,8/15/2025,BNL RRSP,COREWEAVE INC-CL A,Buy,CRWV,10,98.94,-989.4,-1.00027,-990.40027
Transaction History,Data,8/15/2025,BNL RRSP,COST(US22160K1051) Cash Dividend USD 1.30 per Share (Ordinary Dividend),Dividend,COST,-,-,3.9,-,3.9
Transaction History,Data,8/13/2025,BNL RRSP,UNH 16JAN26 260 C,Sell,UNH   260116C00260000,-1,34,3400,-0.80424,3399.19576
Transaction History,Data,8/12/2025,BNL RRSP,SALESFORCE INC,Buy,CRM,4,231.82,-927.28,-1.000088,-928.280088
Transaction History,Data,8/8/2025,BNL RRSP,NVO 18JUN26 40 C,Sell,NVO   260618C00040000,-1,14.54,1454,-1.05424,1452.94576
Transaction History,Data,8/8/2025,BNL RRSP,NVO 18SEP26 30 C,Sell,NVO   260918C00030000,-1,22.64,2264,-1.05424,2262.94576
Transaction History,Data,8/8/2025,BNL RRSP,ELI LILLY & CO,Buy,LLY,3,627.8,-1883.4,-1.000066,-1884.400066
Transaction History,Data,8/7/2025,BNL RRSP,ELI LILLY & CO,Buy,LLY,3,645,-1935,-1.000066,-1936.000066
Transaction History,Data,8/7/2025,BNL RRSP,INTUITIVE SURGICAL INC,Buy,ISRG,5,464.71,-2323.55,-1.000135,-2324.550135
Transaction History,Data,8/7/2025,BNL RRSP,ISHARES 0-3 MONTH TREASURY B,Buy,SGOV,1000,100.44,-100440,-5.027,-100445.027
Transaction History,Data,8/6/2025,BNL RRSP,SGOV(US46436E7186) Cash Dividend USD 0.362484 per Share (Ordinary Dividend),Dividend,SGOV,-,-,36.25,-,36.25
Transaction History,Data,8/6/2025,BNL RRSP,NVO 18SEP26 30 C,Buy,NVO   260918C00030000,1,17.7,-1770,-0.80145,-1770.80145
Transaction History,Data,8/5/2025,BNL RRSP,USD Credit Interest for Jul-2025,Credit Interest,-,-,-,19.02,-,19.02
Transaction History,Data,8/5/2025,BNL RRSP,CAD Credit Interest for Jul-2025,Credit Interest,-,-,-,0.0871308,-,0.0871308
Transaction History,Data,8/5/2025,BNL RRSP,CVS 16JAN26 45 C,Sell,CVS   260116C00045000,-1,19.35,1935,-0.77424,1934.22576
Transaction History,Data,8/5/2025,BNL RRSP,ZMMK(CA05602J1093) Cash Dividend CAD 0.10 per Share (Ordinary Dividend),Dividend,ZMMK,-,-,218.319,-,218.319
Transaction History,Data,8/4/2025,BNL RRSP,AMAZON.COM INC,Buy,AMZN,25,212.4393,-5310.9825,-1.000675,-5311.983175
Transaction History,Data,8/1/2025,BNL RRSP,ALPHABET INC-CL C,Buy,GOOG,30,189.605,-5688.15,-1.00081,-5689.15081
Transaction History,Data,8/1/2025,BNL RRSP,ASML HOLDING NV-NY REG SHS,Buy,ASML,7,690.18,-4831.26,-1.000189,-4832.260189
Transaction History,Data,8/1/2025,BNL RRSP,MICROSOFT CORP,Buy,MSFT,20,522,-10440,-1.00044,-10441.00044
Transaction History,Data,8/1/2025,BNL RRSP,SALESFORCE INC,Buy,CRM,6,250.5,-1503,-1.000132,-1504.000132
Transaction History,Data,7/31/2025,BNL RRSP,CONFLUENT INC-CLASS A,Sell,CFLT,-40,18.565,742.6,-1.00772,741.59228
Transaction History,Data,7/31/2025,BNL RRSP,ARM HOLDINGS PLC-ADR,Buy,ARM,10,141.515,-1415.15,-1.00027,-1416.15027
Transaction History,Data,7/30/2025,BNL RRSP,COSTCO WHOLESALE CORP,Buy,COST,1,930.215,-930.215,-1.000027,-931.215027
Transaction History,Data,7/30/2025,BNL RRSP,META PLATFORMS INC-CLASS A,Sell,META,-10,701.815,7018.15,-1.00193,7017.14807
Transaction History,Data,7/30/2025,BNL RRSP,UPS 16JAN26 80 C,Buy,UPS   260116C00080000,1,11.2,-1120,-0.77365,-1120.77365
Transaction History,Data,7/30/2025,BNL RRSP,UNH 20FEB26 240 C,Buy,UNH   260220C00240000,1,41.57,-4157,-1.05365,-4158.05365
Transaction History,Data,7/30/2025,BNL RRSP,NVO 18JUN26 40 C,Buy,NVO   260618C00040000,1,13.8,-1380,-0.77365,-1380.77365
Transaction History,Data,7/30/2025,BNL RRSP,BMO MONEY MARKET FUND ETF-UN,Sell,ZMMK,-200,49.845,7208.28483,-1.44614,7206.83869
Transaction History,Data,7/30/2025,BNL RRSP,BMO MONEY MARKET FUND ETF-UN,Sell,ZMMK,-200,49.845,7208.28483,-1.44614,7206.83869
Transaction History,Data,7/30/2025,BNL RRSP,BMO MONEY MARKET FUND ETF-UN,Sell,ZMMK,-400,49.845,14416.56966,-2.89228,14413.67738
Transaction History,Data,7/30/2025,BNL RRSP,BMO MONEY MARKET FUND ETF-UN,Sell,ZMMK,-200,49.845,7208.28483,-1.44614,7206.83869
Transaction History,Data,7/30/2025,BNL RRSP,BMO MONEY MARKET FUND ETF-UN,Sell,ZMMK,-200,49.845,7208.28483,-1.44614,7206.83869
Transaction History,Data,7/30/2025,BNL RRSP,BMO MONEY MARKET FUND ETF-UN,Sell,ZMMK,-100,49.845,3604.142415,-0.72307,3603.419345
Transaction History,Data,7/30/2025,BNL RRSP,BMO MONEY MARKET FUND ETF-UN,Sell,ZMMK,-400,49.845,14416.56966,-2.89228,14413.67738
Transaction History,Data,7/30/2025,BNL RRSP,BMO MONEY MARKET FUND ETF-UN,Sell,ZMMK,-200,49.845,7208.28483,-1.44614,7206.83869
Transaction History,Data,7/30/2025,BNL RRSP,BMO MONEY MARKET FUND ETF-UN,Sell,ZMMK,-200,49.845,7208.28483,-1.44614,7206.83869
Transaction History,Data,7/30/2025,BNL RRSP,BMO MONEY MARKET FUND ETF-UN,Sell,ZMMK,-900,49.84,32434.02792,-6.50763,32427.52029
Transaction History,Data,7/30/2025,BNL RRSP,"Net Amount in Base from Forex Trade: 108,424.59 USD.CAD",Forex Trade Component,USD.CAD,108424.59,1.38345,-38.08779362,-2.178491018,-38.08779362
Transaction History,Data,7/30/2025,BNL RRSP,UPS 20MAR26 70 C,Buy,UPS   260320C00070000,1,18.4,-1840,-0.80365,-1840.80365
Transaction History,Data,7/30/2025,BNL RRSP,CONFLUENT INC-CLASS A,Buy,CFLT,40,19.31,-772.4,-1.00088,-773.40088
Transaction History,Data,7/29/2025,BNL RRSP,MERCK & CO INC,Sell,MRK,-30,81.32,2439.6,-1.00579,2438.59421
Transaction History,Data,7/29/2025,BNL RRSP,PFIZER INC,Sell,PFE,-150,24.2607,3639.105,-1.02895,3638.07605
Transaction History,Data,7/29/2025,BNL RRSP,UNH 16JAN26 260 C,Buy,UNH   260116C00260000,1,32.69,-3269,-1.05365,-3270.05365
Transaction History,Data,7/29/2025,BNL RRSP,UNITEDHEALTH GROUP INC,Sell,UNH,-12,267.315,3207.78,-1.002316,3206.777684
Transaction History,Data,7/29/2025,BNL RRSP,MICROSOFT CORP,Sell,MSFT,-15,512.48,7687.2,-1.002895,7686.197105
Transaction History,Data,7/29/2025,BNL RRSP,NOVO-NORDISK A/S-SPONS ADR,Sell,NVO,-30,54.42,1632.6,-1.00579,1631.59421
Transaction History,Data,7/29/2025,BNL RRSP,NVO 20MAR26 40 C,Buy,NVO   260320C00040000,1,17.15,-1715,-0.80365,-1715.80365
Transaction History,Data,7/28/2025,BNL RRSP,BABA2 20MAR26 110 C,Sell,BABA2 260320C00110000,-1,24.29,2429,-1.05894,2427.94106
Transaction History,Data,7/28/2025,BNL RRSP,MRVL 20MAR26 50 C,Sell,MRVL  260320C00050000,-1,28.89,2889,-1.05644,2887.94356
Transaction History,Data,7/28/2025,BNL RRSP,D-WAVE QUANTUM INC,Sell,QBTS,-115,18.105,2082.075,-1.022195,2081.052805
Transaction History,Data,7/28/2025,BNL RRSP,IONQ INC,Sell,IONQ,-30,42.01,1260.3,-1.00579,1259.29421
Transaction History,Data,7/28/2025,BNL RRSP,RIGETTI COMPUTING INC,Sell,RGTI,-80,15.485,1238.8,-1.01544,1237.78456
Transaction History,Data,7/28/2025,BNL RRSP,CVS 16JAN26 45 C,Buy,CVS   260116C00045000,1,16.07,-1607,-1.05615,-1608.05615
Transaction History,Data,7/28/2025,BNL RRSP,ASML HOLDING NV-NY REG SHS,Sell,ASML,-7,732.545,5127.815,-1.001351,5126.813649
Transaction History,Data,7/28/2025,BNL RRSP,ALPHABET INC-CL C,Sell,GOOG,-30,193.221,5796.63,-1.00579,5795.62421
Transaction History,Data,7/25/2025,BNL RRSP,COSTCO WHOLESALE CORP,Buy,COST,2,935,-1870,-1.000054,-1871.000054
Transaction History,Data,7/23/2025,BNL RRSP,ISHARES 0-3 MONTH TREASURY B,Sell,SGOV,-100,100.62,10062,-1.0193,10060.9807
Transaction History,Data,7/23/2025,BNL RRSP,ASML HOLDING NV-NY REG SHS,Buy,ASML,3,707.7,-2123.1,-1.000081,-2124.100081
Transaction History,Data,7/22/2025,BNL RRSP,ISHARES 0-3 MONTH TREASURY B,Sell,SGOV,-35,100.615,3521.525,-1.006755,3520.518245
Transaction History,Data,7/22/2025,BNL RRSP,Net Amount in Base from Forex Trade: 0.52 USD.CAD,Forex Trade Component,USD.CAD,0.52,1.36153,-3.70E-04,-,-3.70E-04
Transaction History,Data,7/22/2025,BNL RRSP,Net Amount in Base from Forex Trade: 1 USD.CAD,Forex Trade Component,USD.CAD,1,1.36158,-7.48E-04,-,-7.48E-04
Transaction History,Data,7/22/2025,BNL RRSP,LOCKHEED MARTIN CORP,Buy,LMT,8,417.35,-3338.8,-1.000176,-3339.800176
Transaction History,Data,7/22/2025,BNL RRSP,Net Amount in Base from Forex Trade: 0.006931 USD.CAD,Forex Trade Component,USD.CAD,0.006931,1.36107257,-2.60E-06,-,-2.60E-06
Transaction History,Data,7/21/2025,BNL RRSP,Net Amount in Base from Forex Trade: 0.97 USD.CAD,Forex Trade Component,USD.CAD,0.97,1.36913,-6.36E-04,-,-6.36E-04
Transaction History,Data,7/21/2025,BNL RRSP,"Net Amount in Base from Forex Trade: 1,127.43 USD.CAD",Forex Trade Component,USD.CAD,1127.43,1.36907,-0.690202386,-,-0.690202386
Transaction History,Data,7/21/2025,BNL RRSP,UNITEDHEALTH GROUP INC,Buy,UNH,4,281.85,-1127.4,-1.000088,-1128.400088
Transaction History,Data,7/21/2025,BNL RRSP,BMO MONEY MARKET FUND ETF-UN,Sell,ZMMK,-100,49.91,3647.77217,-0.73087,3647.0413
Transaction History,Data,7/21/2025,BNL RRSP,BMO MONEY MARKET FUND ETF-UN,Sell,ZMMK,-50,49.91,1823.886085,-0.365435,1823.52065
Transaction History,Data,7/21/2025,BNL RRSP,BMO MONEY MARKET FUND ETF-UN,Sell,ZMMK,-500,49.91,18238.86085,-3.65435,18235.2065
Transaction History,Data,7/21/2025,BNL RRSP,Net Amount in Base from Forex Trade: 1.18 USD.CAD,Forex Trade Component,USD.CAD,1.18,1.36903,-6.88E-04,-,-6.88E-04
Transaction History,Data,7/21/2025,BNL RRSP,"Net Amount in Base from Forex Trade: 23,641.45 USD.CAD",Forex Trade Component,USD.CAD,23641.45,1.36897,-12.7451979,-,-12.7451979
Transaction History,Data,7/21/2025,BNL RRSP,ISHARES 0-3 MONTH TREASURY B,Buy,SGOV,235,100.6,-23641,-1.181345,-23642.18135
Transaction History,Data,7/21/2025,BNL RRSP,Net Amount in Base from Forex Trade: 0.000759 USD.CAD,Forex Trade Component,USD.CAD,7.59E-04,1.36867649,-2.46E-07,-,-2.46E-07
Transaction History,Data,7/18/2025,BNL RRSP,ZMMK(CA05602J1093) Cash Dividend CAD 0.015 per Share (Bonus Dividend),Dividend,ZMMK,-,-,40.0151325,-,40.0151325
Transaction History,Data,7/7/2025,BNL RRSP,TESLA INC,Buy,TSLA,5,291.18,-1455.9,-1.00011,-1456.90011
Transaction History,Data,7/7/2025,BNL RRSP,Net Amount in Base from Forex Trade: 0.45 USD.CAD,Forex Trade Component,USD.CAD,0.45,1.36453,0.001229962,-,0.001229962
Transaction History,Data,7/7/2025,BNL RRSP,"Net Amount in Base from Forex Trade: 1,455.93 USD.CAD",Forex Trade Component,USD.CAD,1455.93,1.36446,4.053904595,-,4.053904595
Transaction History,Data,7/3/2025,BNL RRSP,BMO MONEY MARKET FUND ETF-UN,Sell,ZMMK,-100,49.86,3670.6932,-0.7362,3669.957
Transaction History,Data,7/3/2025,BNL RRSP,UNITEDHEALTH GROUP INC,Buy,UNH,8,309.31,-2474.48,-1.000216,-2475.480216
Transaction History,Data,7/3/2025,BNL RRSP,"Net Amount in Base from Forex Trade: 2,470.27 USD.CAD",Forex Trade Component,USD.CAD,2470.27,1.35803,0.539294525,-,0.539294525
Transaction History,Data,7/3/2025,BNL RRSP,MERCK & CO INC,Buy,MRK,30,81.75,-2452.5,-1.00081,-2453.50081
Transaction History,Data,7/3/2025,BNL RRSP,"Net Amount in Base from Forex Trade: 2,453.5 USD.CAD",Forex Trade Component,USD.CAD,2453.5,1.35846,-0.241061282,-,-0.241061282
Transaction History,Data,7/3/2025,BNL RRSP,BMO MONEY MARKET FUND ETF-UN,Sell,ZMMK,-100,49.86,3670.6932,-0.7362,3669.957
Transaction History,Data,7/3/2025,BNL RRSP,"Net Amount in Base from Forex Trade: 2,069.94 USD.CAD",Forex Trade Component,USD.CAD,2069.94,1.35871,-0.584348202,-,-0.584348202
Transaction History,Data,7/3/2025,BNL RRSP,NOVO-NORDISK A/S-SPONS ADR,Buy,NVO,30,68.965,-2068.95,-1.00081,-2069.95081
Transaction History,Data,7/3/2025,BNL RRSP,NVDA(US67066G1040) Cash Dividend USD 0.01 per Share (Ordinary Dividend),Dividend,NVDA,-,-,0.5,-,0.5
Transaction History,Data,7/3/2025,BNL RRSP,ZMMK(CA05602J1093) Cash Dividend CAD 0.12 per Share (Ordinary Dividend),Dividend,ZMMK,-,-,339.61158,-,339.61158
Transaction History,Data,6/26/2025,BNL RRSP,META(US30303M1027) Cash Dividend USD 0.525 per Share (Ordinary Dividend),Dividend,META,-,-,5.25,-,5.25
Transaction History,Data,6/23/2025,BNL RRSP,"Net Amount in Base from Forex Trade: 1,336.72 USD.CAD",Forex Trade Component,USD.CAD,1336.72,1.37407,-0.560279371,-,-0.560279371
Transaction History,Data,6/23/2025,BNL RRSP,ALPHABET INC-CL C,Buy,GOOG,30,166.0282,-4980.846,-1.00138,-4981.84738
Transaction History,Data,6/16/2025,BNL RRSP,GOOG(US02079K1079) Cash Dividend USD 0.21 per Share (Ordinary Dividend),Dividend,GOOG,-,-,14.7,-,14.7
Transaction History,Data,6/12/2025,BNL RRSP,MSFT(US5949181045) Cash Dividend USD 0.83 per Share (Ordinary Dividend),Dividend,MSFT,-,-,12.45,-,12.45
Transaction History,Data,6/10/2025,BNL RRSP,LLY(US5324571083) Cash Dividend USD 1.50 per Share (Ordinary Dividend),Dividend,LLY,-,-,6,-,6
Transaction History,Data,6/3/2025,BNL RRSP,ZMMK(CA05602J1093) Cash Dividend CAD 0.12 per Share (Ordinary Dividend),Dividend,ZMMK,-,-,337.75896,-,337.75896
Transaction History,Data,5/21/2025,BNL RRSP,NVDA 30MAY25 96 C,Sell,NVDA  250530C00096000,-1,36.12,3612,-1.06324,3610.93676
Transaction History,Data,5/21/2025,BNL RRSP,Net Amount in Base from Forex Trade: 1.03 USD.CAD,Forex Trade Component,USD.CAD,1.03,1.38689,-6.89E-04,-,-6.89E-04
Transaction History,Data,5/21/2025,BNL RRSP,Net Amount in Base from Forex Trade: 0.00528 USD.CAD,Forex Trade Component,USD.CAD,0.00528,1.38648104,-1.97E-06,-,-1.97E-06
Transaction History,Data,5/14/2025,BNL RRSP,"Net Amount in Base from Forex Trade: 1,457.28 USD.CAD",Forex Trade Component,USD.CAD,1457.28,1.39737,0.936881086,-,0.936881086
Transaction History,Data,5/14/2025,BNL RRSP,PFIZER INC,Buy,PFE,150,22.0993,-3314.895,-1.0069,-3315.9019
Transaction History,Data,5/14/2025,BNL RRSP,ELI LILLY & CO,Buy,LLY,4,722,-2888,-1.00014,-2889.00014
Transaction History,Data,5/13/2025,BNL RRSP,Net Amount in Base from Forex Trade: 0.00638967 USD.CAD,Forex Trade Component,USD.CAD,0.00638967,1.39408824,-2.10E-06,-,-2.10E-06
Transaction History,Data,5/13/2025,BNL RRSP,Net Amount in Base from Forex Trade: 1.08 USD.CAD,Forex Trade Component,USD.CAD,1.08,1.39559,-0.001518053,-,-0.001518053
Transaction History,Data,5/13/2025,BNL RRSP,UNITEDHEALTH GROUP INC,Sell,UNH,-15,316.51,4747.65,-1.13516467,4746.514835
Transaction History,Data,5/8/2025,BNL RRSP,BMO MONEY MARKET FUND ETF-UN,Sell,ZMMK,-100,49.89,3583.0998,-0.7182,3582.3816
Transaction History,Data,5/7/2025,BNL RRSP,"Net Amount in Base from Forex Trade: 2,285.91 USD.CAD",Forex Trade Component,USD.CAD,2285.91,1.38087,5.022479613,-,5.022479613
Transaction History,Data,5/7/2025,BNL RRSP,ALPHABET INC-CL C,Buy,GOOG,35,152.08,-5322.8,-1.001225,-5323.801225
Transaction History,Data,5/6/2025,BNL RRSP,ASML(USN070592100) Cash Dividend USD 2.090608 per Share - NL Tax,Foreign Tax Withholding,ASML,-,-,-1.25,-,-1.25
Transaction History,Data,5/6/2025,BNL RRSP,ASML(USN070592100) Cash Dividend USD 2.090608 per Share (Ordinary Dividend),Dividend,ASML,-,-,8.36,-,8.36
Transaction History,Data,5/5/2025,BNL RRSP,USD Credit Interest for Apr-2025,Credit Interest,-,-,-,20.83,-,20.83
Transaction History,Data,5/2/2025,BNL RRSP,ZMMK(CA05602J1093) Cash Dividend CAD 0.15 per Share (Ordinary Dividend),Dividend,ZMMK,-,-,439.435125,-,439.435125
Transaction History,Data,5/2/2025,BNL RRSP,Net Amount in Base from Forex Trade: 0.005333 USD.CAD,Forex Trade Component,USD.CAD,0.005333,1.38251661,-2.44E-06,-,-2.44E-06
Transaction History,Data,5/2/2025,BNL RRSP,AMD 16MAY25 85 C,Sell,AMD   250516C00085000,-2,15.05,3010,-0.945158,3009.054842
Transaction History,Data,5/2/2025,BNL RRSP,Net Amount in Base from Forex Trade: 0.9 USD.CAD,Forex Trade Component,USD.CAD,0.9,1.38132,3.67E-04,-,3.67E-04
Transaction History,Data,5/1/2025,BNL RRSP,UNITEDHEALTH GROUP INC,Buy,UNH,5,402.63,-2013.15,-1.000175,-2014.150175
Transaction History,Data,5/1/2025,BNL RRSP,BMO MONEY MARKET FUND ETF-UN,Sell,ZMMK,-100,49.865,3599.2557,-0.7218,3598.5339
Transaction History,Data,5/1/2025,BNL RRSP,"Net Amount in Base from Forex Trade: 1,949.75 USD.CAD",Forex Trade Component,USD.CAD,1949.75,1.38417,1.766656776,-,1.766656776
Transaction History,Data,4/30/2025,BNL RRSP,QQQ(US46090E1038) Cash Dividend USD 0.71571 per Share (Ordinary Dividend),Dividend,QQQ,-,-,64.41,-,64.41
Transaction History,Data,4/22/2025,BNL RRSP,Net Amount in Base from Forex Trade: 1.05 USD.CAD,Forex Trade Component,USD.CAD,1.05,1.38234,-6.81E-04,-,-6.81E-04
Transaction History,Data,4/22/2025,BNL RRSP,Net Amount in Base from Forex Trade: 0.0075 USD.CAD,Forex Trade Component,USD.CAD,0.0075,1.381886,-2.40E-06,-,-2.40E-06
Transaction History,Data,4/22/2025,BNL RRSP,Net Amount in Base from Forex Trade: 673 USD.CAD,Forex Trade Component,USD.CAD,673,1.38252,-0.523982725,-,-0.523982725
Transaction History,Data,4/22/2025,BNL RRSP,Net Amount in Base from Forex Trade: 1.06 USD.CAD,Forex Trade Component,USD.CAD,1.06,1.38259,-8.79E-04,-,-8.79E-04
Transaction History,Data,4/22/2025,BNL RRSP,Net Amount in Base from Forex Trade: 0.78 USD.CAD,Forex Trade Component,USD.CAD,0.78,1.38254,-6.19E-04,-,-6.19E-04
Transaction History,Data,4/22/2025,BNL RRSP,Net Amount in Base from Forex Trade: 660 USD.CAD,Forex Trade Component,USD.CAD,660,1.38247,-0.489973176,-,-0.489973176
Transaction History,Data,4/22/2025,BNL RRSP,AMD 16MAY25 85 C,Buy,AMD   250516C00085000,1,6.6,-660,-0.77725,-660.77725
Transaction History,Data,4/22/2025,BNL RRSP,MRVL 20MAR26 50 C,Buy,MRVL  260320C00050000,1,12.95,-1295,-1.05725,-1296.05725
Transaction History,Data,4/22/2025,BNL RRSP,"Net Amount in Base from Forex Trade: 1,295.03 USD.CAD",Forex Trade Component,USD.CAD,1295.03,1.38227,-0.77391977,-,-0.77391977
Transaction History,Data,4/22/2025,BNL RRSP,Net Amount in Base from Forex Trade: 920 USD.CAD,Forex Trade Component,USD.CAD,920,1.38217,-0.483202032,-,-0.483202032
Transaction History,Data,4/22/2025,BNL RRSP,Net Amount in Base from Forex Trade: 0.73 USD.CAD,Forex Trade Component,USD.CAD,0.73,1.38224,-4.20E-04,-,-4.20E-04
Transaction History,Data,4/22/2025,BNL RRSP,NVDA 30MAY25 96 C,Buy,NVDA  250530C00096000,1,9.2,-920,-0.77725,-920.77725
Transaction History,Data,4/22/2025,BNL RRSP,BMO MONEY MARKET FUND ETF-UN,Sell,ZMMK,-100,49.975,3617.5903,-0.72388,3616.86642
Transaction History,Data,4/22/2025,BNL RRSP,AMD 16MAY25 85 C,Buy,AMD   250516C00085000,1,6.73,-673,-1.05725,-674.05725
Transaction History,Data,4/21/2025,BNL RRSP,"Net Amount in Base from Forex Trade: 5,338.16 USD.CAD",Forex Trade Component,USD.CAD,5338.16,1.38432,-1.061687425,-,-1.061687425
Transaction History,Data,4/21/2025,BNL RRSP,"Net Amount in Base from Forex Trade: 5,196.78 USD.CAD",Forex Trade Component,USD.CAD,5196.78,1.38422,-0.658091117,-,-0.658091117
Transaction History,Data,4/21/2025,BNL RRSP,Net Amount in Base from Forex Trade: 1 USD.CAD,Forex Trade Component,USD.CAD,1,1.38434,-2.13E-04,-,-2.13E-04
Transaction History,Data,4/21/2025,BNL RRSP,MICROSOFT CORP,Buy,MSFT,15,355.87,-5338.05,-1.000525,-5339.050525
Transaction History,Data,4/21/2025,BNL RRSP,"Net Amount in Base from Forex Trade: 1,924.92 USD.CAD",Forex Trade Component,USD.CAD,1924.92,1.38327,1.077492449,-,1.077492449
Transaction History,Data,4/21/2025,BNL RRSP,Net Amount in Base from Forex Trade: 0.77 USD.CAD,Forex Trade Component,USD.CAD,0.77,1.38334,3.92E-04,-,3.92E-04
Transaction History,Data,4/21/2025,BNL RRSP,BABA 20MAR26 110 C,Buy,BABA  260320C00110000,1,19.25,-1925,-0.77725,-1925.77725
Transaction History,Data,4/21/2025,BNL RRSP,Net Amount in Base from Forex Trade: 0.009385 USD.CAD,Forex Trade Component,USD.CAD,0.009385,1.38448892,-3.01E-06,-,-3.01E-06
Transaction History,Data,4/21/2025,BNL RRSP,BMO MONEY MARKET FUND ETF-UN,Sell,ZMMK,-100,49.975,3610.7937,-0.72252,3610.07118
Transaction History,Data,4/21/2025,BNL RRSP,BMO MONEY MARKET FUND ETF-UN,Sell,ZMMK,-200,49.97,7220.86488,-1.44504,7219.41984
Transaction History,Data,4/21/2025,BNL RRSP,BMO MONEY MARKET FUND ETF-UN,Sell,ZMMK,-80,49.97,2888.345952,-0.578016,2887.767936
Transaction History,Data,4/21/2025,BNL RRSP,ALPHABET INC-CL C,Buy,GOOG,35,148.4791,-5196.7685,-1.00161,-5197.77011
Transaction History,Data,4/21/2025,BNL RRSP,Net Amount in Base from Forex Trade: 1 USD.CAD,Forex Trade Component,USD.CAD,1,1.38439,-2.49E-04,-,-2.49E-04
Transaction History,Data,4/17/2025,BNL RRSP,D-WAVE QUANTUM INC,Buy,QBTS,15,6.375,-95.625,-0.95694,-96.58194
Transaction History,Data,4/17/2025,BNL RRSP,Net Amount in Base from Forex Trade: 0.00180044 USD.CAD,Forex Trade Component,USD.CAD,0.00180044,1.38381502,-5.44E-07,-,-5.44E-07
Transaction History,Data,4/17/2025,BNL RRSP,BMO MONEY MARKET FUND ETF-UN,Sell,ZMMK,-70,49.98,2528.997996,-0.72286,2528.275136
Transaction History,Data,4/17/2025,BNL RRSP,Net Amount in Base from Forex Trade: 154.05 USD.CAD,Forex Trade Component,USD.CAD,154.05,1.38452,-0.125416295,-,-0.125416295
Transaction History,Data,4/17/2025,BNL RRSP,IONQ INC,Buy,IONQ,6,25.5191,-153.1146,-1.000276,-154.114876
Transaction History,Data,4/17/2025,BNL RRSP,Net Amount in Base from Forex Trade: 96.59 USD.CAD,Forex Trade Component,USD.CAD,96.59,1.38492,-0.106564965,-,-0.106564965
Transaction History,Data,4/17/2025,BNL RRSP,"Net Amount in Base from Forex Trade: 2,570.55 USD.CAD",Forex Trade Component,USD.CAD,2570.55,1.38537,-3.672180281,-,-3.672180281
Transaction History,Data,4/17/2025,BNL RRSP,"Net Amount in Base from Forex Trade: 5,176 USD.CAD",Forex Trade Component,USD.CAD,5176,1.38587,-9.264978923,-,-9.264978923
Transaction History,Data,4/17/2025,BNL RRSP,"Net Amount in Base from Forex Trade: 5,042 USD.CAD",Forex Trade Component,USD.CAD,5042,1.38572,-8.478421486,-,-8.478421486
Transaction History,Data,4/17/2025,BNL RRSP,META PLATFORMS INC-CLASS A,Buy,META,10,500.36,-5003.6,-1.00046,-5004.60046
Transaction History,Data,4/17/2025,BNL RRSP,ASML HOLDING NV-NY REG SHS,Buy,ASML,4,642.4,-2569.6,-1.000184,-2570.600184
Transaction History,Data,4/17/2025,BNL RRSP,NVIDIA CORP,Buy,NVDA,50,100.82,-5041,-1.00175,-5042.00175
Transaction History,Data,4/17/2025,BNL RRSP,"Net Amount in Base from Forex Trade: 5,004.62 USD.CAD",Forex Trade Component,USD.CAD,5004.62,1.38577,-8.596446784,-,-8.596446784
Transaction History,Data,4/17/2025,BNL RRSP,"Net Amount in Base from Forex Trade: 4,425.6 USD.CAD",Forex Trade Component,USD.CAD,4425.6,1.38597,-8.2416807,-,-8.2416807
Transaction History,Data,4/17/2025,BNL RRSP,BMO MONEY MARKET FUND ETF-UN,Sell,ZMMK,-400,49.98,14451.41712,-2.89144,14448.52568
Transaction History,Data,4/17/2025,BNL RRSP,AMAZON.COM INC,Buy,AMZN,30,172.5,-5175,-1.00138,-5176.00138
Transaction History,Data,4/17/2025,BNL RRSP,BMO MONEY MARKET FUND ETF-UN,Sell,ZMMK,-100,49.98,3612.85428,-0.72286,3612.13142
Transaction History,Data,4/17/2025,BNL RRSP,UNITEDHEALTH GROUP INC,Buy,UNH,10,450.29,-4502.9,-1.00035,-4503.90035
Transaction History,Data,4/10/2025,BNL RRSP,TSM(US8740391003) Cash Dividend USD 0.677693 per Share - TW Tax,Foreign Tax Withholding,TSM,-,-,-5.69,-,-5.69
Transaction History,Data,4/10/2025,BNL RRSP,TSM(US8740391003) Cash Dividend USD 0.677693 per Share (Ordinary Div - NRA Withholding Exempt),Dividend,TSM,-,-,27.11,-,27.11
Transaction History,Data,4/3/2025,BNL RRSP,Net Amount in Base from Forex Trade: -0.00203428 USD.CAD,Forex Trade Component,USD.CAD,-0.00203428,1.4093438,-4.30E-07,-,-4.30E-07
Transaction History,Data,4/3/2025,BNL RRSP,BMO MONEY MARKET FUND ETF-UN,Buy,ZMMK,3600,49.9,-127436.616,-25.5384,-127462.1544
Transaction History,Data,4/3/2025,BNL RRSP,Net Amount in Base from Forex Trade: -25.55 USD.CAD,Forex Trade Component,USD.CAD,-25.55,1.40879,-0.015441756,-,-0.015441756
Transaction History,Data,4/3/2025,BNL RRSP,BMO MONEY MARKET FUND ETF-UN,Buy,ZMMK,700,49.9,-24779.342,-4.9658,-24784.3078
Transaction History,Data,4/3/2025,BNL RRSP,Net Amount in Base from Forex Trade: -5.68 USD.CAD,Forex Trade Component,USD.CAD,-5.68,1.40799,-0.006656358,-,-0.006656358
Transaction History,Data,4/3/2025,BNL RRSP,BMO MONEY MARKET FUND ETF-UN,Buy,ZMMK,800,49.9,-28319.248,-5.6752,-28324.9232
Transaction History,Data,4/3/2025,BNL RRSP,USD Credit Interest for Mar-2025,Credit Interest,-,-,-,12.39,-,12.39
Transaction History,Data,4/3/2025,BNL RRSP,Net Amount in Base from Forex Trade: -4.97 USD.CAD,Forex Trade Component,USD.CAD,-4.97,1.40949,-5.36E-04,-,-5.36E-04
Transaction History,Data,4/3/2025,BNL RRSP,"Net Amount in Base from Forex Trade: -180,200 USD.CAD",Forex Trade Component,USD.CAD,-180200,1.42724,2246.030853,-3.596038143,2246.030853
Transaction History,Data,4/2/2025,BNL RRSP,META PLATFORMS INC-CLASS A,Sell,META,-30,554.29,16628.7,-1.46863786,16627.23136
Transaction History,Data,4/2/2025,BNL RRSP,SERVICENOW INC,Sell,NOW,-3,785,2355,-1.066072,2353.933928
Transaction History,Data,4/2/2025,BNL RRSP,ARK GENOMIC REVOLUTION ETF,Sell,ARKG,-300,19.219,5765.7,-1.72058646,5763.979414
Transaction History,Data,4/2/2025,BNL RRSP,TAIWAN SEMICONDUCTOR-SP ADR,Sell,TSM,-3,161.59,484.77,-0.014079606,484.7559204
Transaction History,Data,4/2/2025,BNL RRSP,TAIWAN SEMICONDUCTOR-SP ADR,Sell,TSM,-1,161.59,161.59,-0.004693202,161.5853068
Transaction History,Data,4/2/2025,BNL RRSP,MICROSOFT CORP,Sell,MSFT,-1,370,370,-0.010487,369.989513
Transaction History,Data,4/2/2025,BNL RRSP,BROADCOM INC,Sell,AVGO,-25,163,4075,-1.118585,4073.881415
Transaction History,Data,4/2/2025,BNL RRSP,COINBASE GLOBAL INC -CLASS A,Sell,COIN,-20,170.08,3401.6,-1.09858448,3400.501416
Transaction History,Data,4/2/2025,BNL RRSP,ALPHABET INC-CL C,Sell,GOOG,-100,152.73,15273,-1.4446894,15271.55531
Transaction History,Data,4/2/2025,BNL RRSP,ALPHABET INC-CL C,Sell,GOOG,-45,152.62,6867.9,-0.20046762,6867.699532
Transaction History,Data,4/2/2025,BNL RRSP,TAIWAN SEMICONDUCTOR-SP ADR,Sell,TSM,-36,161.62,5818.32,-1.168985296,5817.151015
Transaction History,Data,4/2/2025,BNL RRSP,MICROSOFT CORP,Sell,MSFT,-2,370,740,-0.020974,739.979026
Transaction History,Data,4/2/2025,BNL RRSP,MICROSOFT CORP,Sell,MSFT,-2,370,740,-0.020974,739.979026
Transaction History,Data,4/2/2025,BNL RRSP,MICROSOFT CORP,Sell,MSFT,-1,370,370,-0.010487,369.989513
Transaction History,Data,4/2/2025,BNL RRSP,MICROSOFT CORP,Sell,MSFT,-1,370,370,-0.010487,369.989513
Transaction History,Data,4/2/2025,BNL RRSP,MICROSOFT CORP,Sell,MSFT,-1,370,370,-0.010487,369.989513
Transaction History,Data,4/2/2025,BNL RRSP,MICROSOFT CORP,Sell,MSFT,-5,370,1850,-0.052435,1849.947565
Transaction History,Data,4/2/2025,BNL RRSP,MICROSOFT CORP,Sell,MSFT,-1,370,370,-0.010487,369.989513
Transaction History,Data,4/2/2025,BNL RRSP,MICROSOFT CORP,Sell,MSFT,-1,370,370,-0.010487,369.989513
Transaction History,Data,4/2/2025,BNL RRSP,MICROSOFT CORP,Sell,MSFT,-1,370,370,-0.010487,369.989513
Transaction History,Data,4/2/2025,BNL RRSP,MICROSOFT CORP,Sell,MSFT,-1,370,370,-0.010487,369.989513
Transaction History,Data,4/2/2025,BNL RRSP,MICROSOFT CORP,Sell,MSFT,-21,370,7770,-0.220227,7769.779773
Transaction History,Data,4/2/2025,BNL RRSP,MICROSOFT CORP,Sell,MSFT,-3,370,1110,-0.031461,1109.968539
Transaction History,Data,4/2/2025,BNL RRSP,MICROSOFT CORP,Sell,MSFT,-3,370,1110,-0.031461,1109.968539
Transaction History,Data,4/2/2025,BNL RRSP,MICROSOFT CORP,Sell,MSFT,-1,370,370,-0.010487,369.989513
Transaction History,Data,4/2/2025,BNL RRSP,MICROSOFT CORP,Sell,MSFT,-5,370,1850,-0.052435,1849.947565
Transaction History,Data,4/2/2025,BNL RRSP,MICROSOFT CORP,Sell,MSFT,-4,370,1480,-0.041948,1479.958052
Transaction History,Data,4/2/2025,BNL RRSP,MICROSOFT CORP,Sell,MSFT,-1,370,370,-0.010487,369.989513
Transaction History,Data,4/2/2025,BNL RRSP,MICROSOFT CORP,Sell,MSFT,-1,370,370,-0.010487,369.989513
Transaction History,Data,4/2/2025,BNL RRSP,MICROSOFT CORP,Sell,MSFT,-1,370,370,-0.010487,369.989513
Transaction History,Data,4/2/2025,BNL RRSP,MICROSOFT CORP,Sell,MSFT,-2,370,740,-0.020974,739.979026
Transaction History,Data,4/2/2025,BNL RRSP,MICROSOFT CORP,Sell,MSFT,-1,370,370,-0.010487,369.989513
Transaction History,Data,4/2/2025,BNL RRSP,MICROSOFT CORP,Sell,MSFT,-5,370,1850,-0.052435,1849.947565
Transaction History,Data,4/2/2025,BNL RRSP,NVIDIA CORP,Sell,NVDA,-155,105.32,16324.6,-1.48668388,16323.11332
Transaction History,Data,4/2/2025,BNL RRSP,AMAZON.COM INC,Sell,AMZN,-100,184.17,18417,-1.5331926,18415.46681
Transaction History,Data,4/2/2025,BNL RRSP,INVESCO QQQ TRUST SERIES 1,Sell,QQQ,-79,455.77,36005.83,-2.017710074,36003.81229
Transaction History,Data,4/2/2025,BNL RRSP,MICROSOFT CORP,Sell,MSFT,-5,370,1850,-1.052435,1848.947565
Transaction History,Data,4/2/2025,BNL RRSP,NVDA(US67066G1040) Cash Dividend USD 0.01 per Share (Ordinary Dividend),Dividend,NVDA,-,-,1.05,-,1.05
Transaction History,Data,3/31/2025,BNL RRSP,AVGO(US11135F1012) Cash Dividend USD 0.59 per Share (Ordinary Dividend),Dividend,AVGO,-,-,14.75,-,14.75
Transaction History,Data,3/28/2025,BNL RRSP,LMT(US5398301094) Cash Dividend USD 3.30 per Share (Ordinary Dividend),Dividend,LMT,-,-,33,-,33
Transaction History,Data,3/28/2025,BNL RRSP,INVESCO QQQ TRUST SERIES 1,Sell,QQQ,-11,467.03,5137.33,-1.145028774,5136.184971
Transaction History,Data,3/28/2025,BNL RRSP,NVIDIA CORP,Buy,NVDA,50,109.01,-5450.5,-1.00175,-5451.50175
Transaction History,Data,3/27/2025,BNL RRSP,VRT(US92537N1081) Cash Dividend USD 0.0375 per Share (Ordinary Dividend),Dividend,VRT,-,-,1.12,-,1.12
Transaction History,Data,3/26/2025,BNL RRSP,META(US30303M1027) Cash Dividend USD 0.525 per Share (Ordinary Dividend),Dividend,META,-,-,15.75,-,15.75
Transaction History,Data,3/25/2025,BNL RRSP,NVIDIA CORP,Sell,NVDA,-45,120.755,5433.975,-1.160604505,5432.814395
Transaction History,Data,3/24/2025,BNL RRSP,BLK(US09290D1019) Cash Dividend USD 5.21 per Share (Ordinary Dividend),Dividend,BLK,-,-,20.84,-,20.84
Transaction History,Data,3/20/2025,BNL RRSP,PALANTIR TECHNOLOGIES INC-A,Sell,PLTR,-15,87.87,1318.05,-1.03982179,1317.010178
Transaction History,Data,3/20/2025,BNL RRSP,VERTIV HOLDINGS CO-A,Sell,VRT,-30,89.5719,2687.157,-1.081062965,2686.075937
Transaction History,Data,3/20/2025,BNL RRSP,BLACKROCK INC,Sell,BLK,-4,956.66,3826.64,-1.107228592,3825.532771
Transaction History,Data,3/20/2025,BNL RRSP,UNITEDHEALTH GROUP INC,Sell,UNH,-10,511.7,5117,-1.1442626,5115.855737
Transaction History,Data,3/20/2025,BNL RRSP,LOCKHEED MARTIN CORP,Sell,LMT,-10,464.4,4644,-1.1312232,4642.868777
Transaction History,Data,3/18/2025,BNL RRSP,UNH(US91324P1021) Cash Dividend USD 2.10 per Share (Ordinary Dividend),Dividend,UNH,-,-,21,-,21
Transaction History,Data,3/18/2025,BNL RRSP,INVESCO QQQ TRUST SERIES 1,Sell,QQQ,-10,474.6,4746,-1.1339488,4744.866051
Transaction History,Data,3/18/2025,BNL RRSP,NVIDIA CORP,Buy,NVDA,45,115.3,-5188.5,-1.001575,-5189.501575
Transaction History,Data,3/17/2025,BNL RRSP,GOOG(US02079K1079) Cash Dividend USD 0.20 per Share (Ordinary Dividend),Dividend,GOOG,-,-,23,-,23
Transaction History,Data,3/14/2025,BNL RRSP,INVESCO QQQ TRUST SERIES 1,Sell,QQQ,-10,477.6712,4776.712,-1.134912594,4775.577087
Transaction History,Data,3/14/2025,BNL RRSP,ALPHABET INC-CL C,Buy,GOOG,30,166.31,-4989.3,-1.00138,-4990.30138
Transaction History,Data,3/13/2025,BNL RRSP,MSFT(US5949181045) Cash Dividend USD 0.83 per Share (Ordinary Dividend),Dividend,MSFT,-,-,49.8,-,49.8
Transaction History,Data,3/6/2025,BNL RRSP,META PLATFORMS INC-CLASS A,Buy,META,10,625,-6250,-1.00035,-6251.00035
Transaction History,Data,3/6/2025,BNL RRSP,APPLOVIN CORP-CLASS A,Sell,APP,-3,262.3184,786.9552,-1.022513355,785.9326866
Transaction History,Data,3/5/2025,BNL RRSP,USD Credit Interest for Feb-2025,Credit Interest,-,-,-,14.4,-,14.4
Transaction History,Data,3/3/2025,BNL RRSP,RIGETTI COMPUTING INC,Buy,RGTI,20,7.776,-155.52,-1.00092,-156.52092
Transaction History,Data,3/3/2025,BNL RRSP,IONQ INC,Buy,IONQ,5,23.78,-118.9,-0.52443,-119.42443
Transaction History,Data,3/3/2025,BNL RRSP,ARQIT QUANTUM INC,Sell,ARQQ,-6,12.355,74.13,-0.003266814,74.12673319
Transaction History,Data,3/3/2025,BNL RRSP,ARQIT QUANTUM INC,Sell,ARQQ,-9,12.3,110.7,-0.00488646,110.6951135
Transaction History,Data,3/3/2025,BNL RRSP,IONQ INC,Buy,IONQ,2,23.79,-47.58,-0.475892,-48.055892
Transaction History,Data,3/3/2025,BNL RRSP,VERTIV HOLDINGS CO-A,Buy,VRT,30,86.1678,-2585.034,-1.00138,-2586.03538
Transaction History,Data,3/3/2025,BNL RRSP,SERVICENOW INC,Buy,NOW,1,920.22,-920.22,-1.000046,-921.220046
Transaction History,Data,3/3/2025,BNL RRSP,BLACKROCK INC,Buy,BLK,4,977.525,-3910.1,-1.000184,-3911.100184
Transaction History,Data,3/3/2025,BNL RRSP,ARK GENOMIC REVOLUTION ETF,Buy,ARKG,30,23.7893,-713.679,-1.00138,-714.68038
Transaction History,Data,3/3/2025,BNL RRSP,ARK GENOMIC REVOLUTION ETF,Buy,ARKG,270,23.7693,-6417.711,-1.36242,-6419.07342
Transaction History,Data,3/3/2025,BNL RRSP,ARQIT QUANTUM INC,Sell,ARQQ,-10,12.33,123.3,-1.00543774,122.2945623
Transaction History,Data,3/3/2025,BNL RRSP,NVIDIA CORP,Sell,NVDA,-100,115.443,11544.3,-1.34213154,11542.95787
Transaction History,Data,2/26/2025,BNL RRSP,APPLOVIN CORP-CLASS A,Buy,APP,3,316.89,-950.67,-1.000138,-951.670138
Transaction History,Data,2/26/2025,BNL RRSP,TAIWAN SEMICONDUCTOR-SP ADR,Buy,TSM,10,193.845,-1938.45,-1.00046,-1939.45046
Transaction History,Data,2/26/2025,BNL RRSP,NVIDIA CORP,Sell,NVDA,-15,130.22,1953.3,-1.05748174,1952.242518
Transaction History,Data,2/26/2025,BNL RRSP,SALESFORCE INC,Sell,CRM,-7,293,2051,-1.0585018,2049.941498
Transaction History,Data,2/25/2025,BNL RRSP,MICROSOFT CORP,Buy,MSFT,4,399.52,-1598.08,-1.00014,-1599.08014
Transaction History,Data,2/25/2025,BNL RRSP,MICROSOFT CORP,Buy,MSFT,6,399.52,-2397.12,-2.10E-04,-2397.12021
Transaction History,Data,2/25/2025,BNL RRSP,PALANTIR TECHNOLOGIES INC-A,Buy,PLTR,15,87.59,-1313.85,-1.00069,-1314.85069
Transaction History,Data,2/25/2025,BNL RRSP,MICROSTRATEGY INC-CL A,Sell,MSTR,-3,253,759,-1.0217032,757.9782968
Transaction History,Data,2/25/2025,BNL RRSP,COINBASE GLOBAL INC -CLASS A,Buy,COIN,20,208,-4160,-1.0007,-4161.0007
Transaction History,Data,2/25/2025,BNL RRSP,ISHARES 0-3 MONTH TREASURY B,Sell,SGOV,-188,100.59,18910.92,-1.505579576,18909.41442
Transaction History,Data,2/25/2025,BNL RRSP,ALPHABET INC-CL C,Buy,GOOG,54,178.369,-9631.926,-1.002484,-9632.928484
Transaction History,Data,2/25/2025,BNL RRSP,META PLATFORMS INC-CLASS A,Buy,META,20,652.99,-13059.8,-1.00092,-13060.80092
Transaction History,Data,2/25/2025,BNL RRSP,UNITEDHEALTH GROUP INC,Buy,UNH,10,452.455,-4524.55,-1.00046,-4525.55046
Transaction History,Data,2/25/2025,BNL RRSP,ISHARES 0-3 MONTH TREASURY B,Sell,SGOV,-84,100.595,8449.98,-0.482717444,8449.497283
Transaction History,Data,2/25/2025,BNL RRSP,ISHARES 0-3 MONTH TREASURY B,Sell,SGOV,-162,100.59,16295.58,-1.487361124,16294.09264
Transaction History,Data,2/21/2025,BNL RRSP,SERVICENOW INC,Buy,NOW,2,944.72,-1889.44,-1.000092,-1890.440092
Transaction History,Data,2/21/2025,BNL RRSP,SALESFORCE INC,Buy,CRM,7,310.73,-2175.11,-1.000322,-2176.110322
Transaction History,Data,2/21/2025,BNL RRSP,INVESCO QQQ TRUST SERIES 1,Sell,QQQ,-8,530.7309,4245.8472,-1.119730552,4244.727469
Transaction History,Data,2/19/2025,BNL RRSP,ISHARES 0-3 MONTH TREASURY B,Sell,SGOV,-32,100.525,3216.8,-1.09621104,3215.703789
Transaction History,Data,2/19/2025,BNL RRSP,LOCKHEED MARTIN CORP,Buy,LMT,10,433.52,-4335.2,-1.00046,-4336.20046
Transaction History,Data,2/13/2025,BNL RRSP,NVIDIA CORP,Sell,NVDA,-30,135.11,4053.3,-1.11871174,4052.181288
Transaction History,Data,2/13/2025,BNL RRSP,TAIWAN SEMICONDUCTOR-SP ADR,Buy,TSM,15,201.65,-3024.75,-1.00069,-3025.75069
Transaction History,Data,2/7/2025,BNL RRSP,INVESCO QQQ TRUST SERIES 1,Sell,QQQ,-22,522.97,11505.34,-1.324512452,11504.01549
Transaction History,Data,2/7/2025,BNL RRSP,ALPHABET INC-CL C,Buy,GOOG,61,187.62,-11444.82,-1.002806,-11445.82281
Transaction History,Data,2/6/2025,BNL RRSP,SGOV(US46436E7186) Cash Dividend USD 0.363396 per Share (Ordinary Dividend),Dividend,SGOV,-,-,31.98,-,31.98
Transaction History,Data,2/5/2025,BNL RRSP,USD Credit Interest for Jan-2025,Credit Interest,-,-,-,3.16,-,3.16
Transaction History,Data,2/5/2025,BNL RRSP,ADVANCED MICRO DEVICES,Sell,AMD,-45,108.271,4872.195,-1.144987021,4871.050013
Transaction History,Data,2/5/2025,BNL RRSP,ISHARES 0-3 MONTH TREASURY B,Buy,SGOV,100,100.367,-10036.7,-1.0046,-10037.7046
Transaction History,Data,2/5/2025,BNL RRSP,ISHARES 0-3 MONTH TREASURY B,Buy,SGOV,78,100.365,-7828.47,-0.00273,-7828.47273
Transaction History,Data,2/5/2025,BNL RRSP,ISHARES 0-3 MONTH TREASURY B,Buy,SGOV,200,100.365,-20073,-0.897,-20073.897
Transaction History,Data,2/3/2025,BNL RRSP,NVIDIA CORP,Buy,NVDA,30,117.155,-3514.65,-1.00138,-3515.65138
Transaction History,Data,2/3/2025,BNL RRSP,TAIWAN SEMICONDUCTOR-SP ADR,Buy,TSM,15,202.4185,-3036.2775,-1.00069,-3037.27819
Transaction History,Data,1/30/2025,BNL RRSP,MICROSOFT CORP,Buy,MSFT,10,415,-4150,-1.00035,-4151.00035
Transaction History,Data,1/30/2025,BNL RRSP,ROUNDHILL MAGNIFICENT SEVEN,Sell,MAGS,-790,55.47,43821.3,-5.33571214,43815.96429
Transaction History,Data,1/28/2025,BNL RRSP,ROUNDHILL MAGNIFICENT SEVEN,Sell,MAGS,-10,56.135,561.35,-1.01772553,560.3322745
Transaction History,Data,1/28/2025,BNL RRSP,ARQIT QUANTUM INC,Buy,ARQQ,25,23.49,-587.25,-1.00115,-588.25115
Transaction History,Data,1/28/2025,BNL RRSP,ROUNDHILL MAGNIFICENT SEVEN,Sell,MAGS,-90,56.045,5044.05,-1.15930459,5042.890695
Transaction History,Data,1/28/2025,BNL RRSP,BROADCOM INC,Buy,AVGO,25,203.5,-5087.5,-1.000875,-5088.500875
Transaction History,Data,1/23/2025,BNL RRSP,ISHARES 0-3 MONTH TREASURY B,Buy,SGOV,51,100.58,-5129.58,-0.002346,-5129.582346
Transaction History,Data,1/23/2025,BNL RRSP,ASML HOLDING NV-NY REG SHS,Sell,ASML,-8,742.28,5938.24,-1.166779072,5937.073221
Transaction History,Data,1/23/2025,BNL RRSP,ISHARES 0-3 MONTH TREASURY B,Buy,SGOV,37,100.58,-3721.46,-1.001702,-3722.461702
Transaction History,Data,1/21/2025,BNL RRSP,PALANTIR TECHNOLOGIES INC-A,Sell,PLTR,-40,75,3000,-1.09188,2998.90812
Transaction History,Data,1/13/2025,BNL RRSP,PALANTIR TECHNOLOGIES INC-A,Buy,PLTR,40,64.21,-2568.4,-1.0014,-2569.4014
Transaction History,Data,1/13/2025,BNL RRSP,INVESCO QQQ TRUST SERIES 1,Sell,QQQ,-7,504.0825,3528.5775,-1.099578455,3527.477922
Transaction History,Data,1/13/2025,BNL RRSP,MICROSTRATEGY INC-CL A,Buy,MSTR,3,319.5,-958.5,-1.000105,-959.500105
Transaction History,Data,1/10/2025,BNL RRSP,D-WAVE QUANTUM INC,Buy,QBTS,100,5.8,-580,-1.0035,-581.0035
Transaction History,Data,1/10/2025,BNL RRSP,RIGETTI COMPUTING INC,Buy,RGTI,30,8.995,-269.85,-1.00138,-270.85138
Transaction History,Data,1/10/2025,BNL RRSP,RIGETTI COMPUTING INC,Buy,RGTI,30,8.995,-269.85,-0.00138,-269.85138
Transaction History,Data,1/10/2025,BNL RRSP,ROUNDHILL MAGNIFICENT SEVEN,Sell,MAGS,-10,54.42,544.2,-1.01724876,543.1827512
Transaction History,Data,1/10/2025,BNL RRSP,IONQ INC,Buy,IONQ,17,32.23,-547.91,-1.000595,-548.910595
Transaction History,Data,12/31/2024,BNL RRSP,QQQ(US46090E1038) Cash Dividend USD 0.83466 per Share (Ordinary Dividend),Dividend,QQQ,-,-,122.7,-,122.7
Transaction History,Data,12/31/2024,BNL RRSP,MAGS(US53656G4982) Cash Dividend USD 0.42624 per Share (Ordinary Dividend),Dividend,MAGS,-,-,383.62,-,383.62
Transaction History,Data,12/31/2024,BNL RRSP,MAGS(US53656G4982) Cash Dividend USD 0.01344 per Share (Short Term Capital Gain),Dividend,MAGS,-,-,12.1,-,12.1
Transaction History,Data,12/27/2024,BNL RRSP,NVDA(US67066G1040) Cash Dividend USD 0.01 per Share (Ordinary Dividend),Dividend,NVDA,-,-,1.4,-,1.4
Transaction History,Data,12/23/2024,BNL RRSP,SGOV(US46436E7186) Cash Dividend USD 0.371954 per Share (Ordinary Dividend),Dividend,SGOV,-,-,300.91,-,300.91
Transaction History,Data,12/19/2024,BNL RRSP,ROUNDHILL MAGNIFICENT SEVEN,Buy,MAGS,100,56.29,-5629,-0.5048,-5629.5048
Transaction History,Data,12/19/2024,BNL RRSP,INVESCO QQQ TRUST SERIES 1,Buy,QQQ,40,516.8,-20672,-1.00192,-20673.00192
Transaction History,Data,12/19/2024,BNL RRSP,ROUNDHILL MAGNIFICENT SEVEN,Buy,MAGS,100,56.28,-5628,-1.0048,-5629.0048
Transaction History,Data,12/19/2024,BNL RRSP,ROUNDHILL MAGNIFICENT SEVEN,Buy,MAGS,100,56.3,-5630,-0.0048,-5630.0048
Transaction History,Data,12/19/2024,BNL RRSP,ROUNDHILL MAGNIFICENT SEVEN,Buy,MAGS,100,56.3,-5630,-0.5048,-5630.5048
Transaction History,Data,12/19/2024,BNL RRSP,ROUNDHILL MAGNIFICENT SEVEN,Buy,MAGS,300,56.29,-16887,-1.5216,-16888.5216
Transaction History,Data,12/19/2024,BNL RRSP,ROUNDHILL MAGNIFICENT SEVEN,Buy,MAGS,100,56.2975,-5629.75,-0.5072,-5630.2572
Transaction History,Data,12/19/2024,BNL RRSP,ROUNDHILL MAGNIFICENT SEVEN,Buy,MAGS,100,56.3,-5630,-0.5048,-5630.5048
Transaction History,Data,12/19/2024,BNL RRSP,ISHARES 0-3 MONTH TREASURY B,Sell,SGOV,-109,100.17,10918.53,-0.874477134,10917.65552
Transaction History,Data,12/19/2024,BNL RRSP,ISHARES 0-3 MONTH TREASURY B,Sell,SGOV,-100,100.175,10017.5,-0.8022865,10016.69771
Transaction History,Data,12/19/2024,BNL RRSP,ISHARES 0-3 MONTH TREASURY B,Sell,SGOV,-100,100.175,10017.5,-0.7998865,10016.70011
Transaction History,Data,12/19/2024,BNL RRSP,NVIDIA CORP,Buy,NVDA,80,131.655,-10532.4,-1.00576,-10533.40576
Transaction History,Data,12/19/2024,BNL RRSP,ISHARES 0-3 MONTH TREASURY B,Sell,SGOV,-97,100.17,9716.49,-0.290876422,9716.199124
Transaction History,Data,12/19/2024,BNL RRSP,ISHARES 0-3 MONTH TREASURY B,Sell,SGOV,-100,100.1716,10017.16,-0.302277048,10016.85772
Transaction History,Data,12/19/2024,BNL RRSP,ISHARES 0-3 MONTH TREASURY B,Sell,SGOV,-100,100.175,10017.5,-0.7998865,10016.70011
Transaction History,Data,12/19/2024,BNL RRSP,ISHARES 0-3 MONTH TREASURY B,Sell,SGOV,-200,100.175,20035,-1.604573,20033.39543
Transaction History,Data,12/19/2024,BNL RRSP,ISHARES 0-3 MONTH TREASURY B,Sell,SGOV,-3,100.17,300.51,-1.008996178,299.5010038
Transaction History,Data,12/12/2024,BNL RRSP,MSFT(US5949181045) Cash Dividend USD 0.83 per Share (Ordinary Dividend),Dividend,MSFT,-,-,41.5,-,41.5
Transaction History,Data,12/10/2024,BNL RRSP,ADVANCED MICRO DEVICES,Buy,AMD,13,131.18,-1705.34,-1.000936,-1706.340936
Transaction History,Data,12/9/2024,BNL RRSP,ISHARES 0-3 MONTH TREASURY B,Sell,SGOV,-6,100.43,602.58,-1.018035724,601.5619643
Transaction History,Data,12/9/2024,BNL RRSP,ISHARES 0-3 MONTH TREASURY B,Sell,SGOV,-14,100.43,1406.02,-0.042083356,1405.977917
Transaction History,Data,12/5/2024,BNL RRSP,SGOV(US46436E7186) Cash Dividend USD 0.377669 per Share (Ordinary Dividend),Dividend,SGOV,-,-,313.09,-,313.09
Transaction History,Data,12/4/2024,BNL RRSP,USD Credit Interest for Nov-2024,Credit Interest,-,-,-,22.41,-,22.41
Transaction History,Data,11/22/2024,BNL RRSP,INVESCO QQQ TRUST SERIES 1,Buy,QQQ,6,505.55,-3033.3,-1.000288,-3034.300288
Transaction History,Data,11/22/2024,BNL RRSP,INVESCO QQQ TRUST SERIES 1,Buy,QQQ,1,505.55,-505.55,-4.80E-05,-505.550048
Transaction History,Data,11/22/2024,BNL RRSP,NVIDIA CORP,Buy,NVDA,50,142,-7100,-1.0024,-7101.0024
Transaction History,Data,11/21/2024,BNL RRSP,ALPHABET INC-CL C,Sell,GOOG,-60,166.075,9964.5,-1.2912931,9963.208707
Transaction History,Data,11/21/2024,BNL RRSP,ALPHABET INC-CL C,Sell,GOOG,-50,166.075,8303.75,-0.24274425,8303.507256
Transaction History,Data,11/21/2024,BNL RRSP,NVIDIA CORP,Buy,NVDA,50,144,-7200,-1.0024,-7201.0024
Transaction History,Data,11/18/2024,BNL RRSP,ISHARES 0-3 MONTH TREASURY B,Sell,SGOV,-56,100.525,5629.4,-1.16982532,5628.230175
Transaction History,Data,11/18/2024,BNL RRSP,NVIDIA CORP,Buy,NVDA,40,140.36,-5614.4,-1.00192,-5615.40192
Transaction History,Data,11/8/2024,BNL RRSP,ADVANCED MICRO DEVICES,Buy,AMD,2,150.52,-301.04,-1.000144,-302.040144
Transaction History,Data,11/7/2024,BNL RRSP,INVESCO QQQ TRUST SERIES 1,Buy,QQQ,100,513.2675,-51326.75,-1.0072,-51327.7572
Transaction History,Data,11/7/2024,BNL RRSP,ISHARES 0-3 MONTH TREASURY B,Sell,SGOV,-615,100.385,61736.775,-4.937652345,61731.83735
Transaction History,Data,11/7/2024,BNL RRSP,AMAZON.COM INC,Buy,AMZN,25,209.77,-5244.25,-1.0018,-5245.2518
Transaction History,Data,11/7/2024,BNL RRSP,AMAZON.COM INC,Buy,AMZN,25,209.77,-5244.25,-0.0018,-5244.2518
Transaction History,Data,11/6/2024,BNL RRSP,ALPHABET INC-CL C,Buy,GOOG,60,177.358,-10641.48,-1.00432,-10642.48432
Transaction History,Data,11/6/2024,BNL RRSP,ALPHABET INC-CL C,Buy,GOOG,47,177.3577,-8335.8119,-0.003384,-8335.815284
Transaction History,Data,11/6/2024,BNL RRSP,ALPHABET INC-CL C,Buy,GOOG,3,177.3577,-532.0731,-2.16E-04,-532.073316
Transaction History,Data,11/6/2024,BNL RRSP,AMAZON.COM INC,Buy,AMZN,25,205.34,-5133.5,-0.0018,-5133.5018
Transaction History,Data,11/6/2024,BNL RRSP,MICROSOFT CORP,Buy,MSFT,13,417.45,-5426.85,-1.000936,-5427.850936
Transaction History,Data,11/6/2024,BNL RRSP,MICROSOFT CORP,Buy,MSFT,12,417.45,-5009.4,-8.64E-04,-5009.400864
Transaction History,Data,11/6/2024,BNL RRSP,ISHARES 0-3 MONTH TREASURY B,Sell,SGOV,-100,100.3718,10037.18,-1.302833604,10035.87717
Transaction History,Data,11/6/2024,BNL RRSP,ISHARES 0-3 MONTH TREASURY B,Sell,SGOV,-100,100.375,10037.5,-0.3004425,10037.19956
Transaction History,Data,11/6/2024,BNL RRSP,ISHARES 0-3 MONTH TREASURY B,Sell,SGOV,-104,100.3705,10438.532,-0.83494319,10437.69706
Transaction History,Data,11/6/2024,BNL RRSP,ISHARES 0-3 MONTH TREASURY B,Sell,SGOV,-100,100.372,10037.2,-0.80283416,10036.39717
Transaction History,Data,11/6/2024,BNL RRSP,AMAZON.COM INC,Buy,AMZN,25,205.34,-5133.5,-1.0018,-5134.5018
Transaction History,Data,11/4/2024,BNL RRSP,ISHARES 0-3 MONTH TREASURY B,Buy,SGOV,300,100.348,-30104.4,-1.5216,-30105.9216
Transaction History,Data,11/4/2024,BNL RRSP,ISHARES 0-3 MONTH TREASURY B,Buy,SGOV,1495,100.35,-150023.25,-7.58264,-150030.8326
Transaction History,Data,11/4/2024,BNL RRSP,SUPER MICRO COMPUTER INC,Sell,SMCI,-100,26.83,2683,-1.0959874,2681.904013
Transaction History,Data,11/4/2024,BNL RRSP,ASML HOLDING NV-NY REG SHS,Buy,ASML,8,672,-5376,-1.000384,-5377.000384
Transaction History,Data,11/4/2024,BNL RRSP,MICROSOFT CORP,Buy,MSFT,25,407.885,-10197.125,-1.0018,-10198.1268
Transaction History,Data,11/1/2024,BNL RRSP,ADVANCED MICRO DEVICES,Buy,AMD,30,142,-4260,-1.00144,-4261.00144
Transaction History,Data,11/1/2024,BNL RRSP,ISHARES 0-3 MONTH TREASURY B,Buy,SGOV,25,100.34,-2508.5,-1.0012,-2509.5012
Transaction History,Data,11/1/2024,BNL RRSP,ISHARES 0-3 MONTH TREASURY B,Buy,SGOV,20,100.34,-2006.8,-9.60E-04,-2006.80096
Transaction History,Data,11/1/2024,BNL RRSP,ISHARES 0-3 MONTH TREASURY B,Buy,SGOV,5,100.34,-501.7,-2.40E-04,-501.70024
Transaction History,Data,11/1/2024,BNL RRSP,ISHARES 0-3 MONTH TREASURY B,Buy,SGOV,30,100.34,-3010.2,-0.00144,-3010.20144
Transaction History,Data,11/1/2024,BNL RRSP,ISHARES 0-3 MONTH TREASURY B,Buy,SGOV,9,100.34,-903.06,-4.32E-04,-903.060432
Transaction History,Data,11/1/2024,BNL RRSP,ISHARES 0-3 MONTH TREASURY B,Buy,SGOV,20,100.34,-2006.8,-9.60E-04,-2006.80096
Transaction History,Data,11/1/2024,BNL RRSP,INVESCO QQQ TRUST SERIES 1,Sell,QQQ,-48,489.15,23479.2,-0.66299376,23478.53701
Transaction History,Data,11/1/2024,BNL RRSP,INVESCO QQQ TRUST SERIES 1,Sell,QQQ,-146,489.15,71415.9,-2.75011002,71413.14989
Transaction History,Data,11/1/2024,BNL RRSP,SUPER MICRO COMPUTER INC,Buy,SMCI,100,26.765,-2676.5,-1.0072,-2677.5072
Transaction History,Data,11/1/2024,BNL RRSP,INVESCO QQQ TRUST SERIES 1,Sell,QQQ,-52,489.15,25435.8,-0.71824324,25435.08176
Transaction History,Data,11/1/2024,BNL RRSP,ROUNDHILL MAGNIFICENT SEVEN,Sell,MAGS,-145,48.1713,6984.8385,-1.22868851,6983.609811
Transaction History,Data,11/1/2024,BNL RRSP,ROUNDHILL MAGNIFICENT SEVEN,Sell,MAGS,-300,48.1712,14451.36,-1.698147808,14449.66185
Transaction History,Data,11/1/2024,BNL RRSP,ROUNDHILL MAGNIFICENT SEVEN,Sell,MAGS,-300,48.1713,14451.39,-1.973148642,14449.41685
Transaction History,Data,11/1/2024,BNL RRSP,INVESCO QQQ TRUST SERIES 1,Sell,QQQ,-100,489.15,48915,-2.383637,48912.61636
Transaction History,Data,10/31/2024,BNL RRSP,QQQ(US46090E1038) Cash Dividend USD 0.67686 per Share (Ordinary Dividend),Dividend,QQQ,-,-,234.19,-,234.19
Transaction History,Data,10/30/2024,BNL RRSP,ALPHABET INC-CL C,Sell,GOOG,-30,183,5490,-1.159042,5488.840958
Transaction History,Data,9/16/2024,BNL RRSP,GOOG(US02079K1079) Cash Dividend USD 0.20 per Share (Ordinary Dividend),Dividend,GOOG,-,-,6,-,6
Transaction History,Data,9/6/2024,BNL RRSP,SGOV(US46436E7186) Cash Dividend USD 0.443547 per Share (Ordinary Dividend),Dividend,SGOV,-,-,139.72,-,139.72
Transaction History,Data,9/5/2024,BNL RRSP,USD Credit Interest for Aug-2024,Credit Interest,-,-,-,11.84,-,11.84
Transaction History,Data,9/4/2024,BNL RRSP,Net Amount in Base from Forex Trade: 7.02 USD.CAD,Forex Trade Component,USD.CAD,7.02,1.35495,-0.02287943,-,-0.02287943
Transaction History,Data,9/4/2024,BNL RRSP,Net Amount in Base from Forex Trade: 3.83186464 USD.CAD,Forex Trade Component,USD.CAD,3.83186464,1.35090515,-0.001012415,-,-0.001012415
Transaction History,Data,9/4/2024,BNL RRSP,Net Amount in Base from Forex Trade: 0.00057393 USD.CAD,Forex Trade Component,USD.CAD,5.74E-04,1.35090515,-1.49E-07,-,-1.49E-07
Transaction History,Data,9/4/2024,BNL RRSP,ROUNDHILL MAGNIFICENT SEVEN,Buy,MAGS,600,42.9,-25740,-2.725,-25742.725
Transaction History,Data,9/4/2024,BNL RRSP,ISHARES 0-3 MONTH TREASURY B,Sell,SGOV,-315,100.35,31610.25,-2.50605495,31607.74395
Transaction History,Data,9/4/2024,BNL RRSP,ROUNDHILL MAGNIFICENT SEVEN,Buy,MAGS,45,42.9,-1930.5,-1,-1931.5
Transaction History,Data,9/4/2024,BNL RRSP,ROUNDHILL MAGNIFICENT SEVEN,Buy,MAGS,100,42.9,-4290,-,-4290
Transaction History,Data,8/23/2024,BNL RRSP,ISHARES 0-3 MONTH TREASURY B,Buy,SGOV,315,100.64,-31701.6,-1.575,-31703.175
Transaction History,Data,8/21/2024,BNL RRSP,ROUNDHILL MAGNIFICENT SEVEN,Sell,MAGS,-100,45.61,4561,-0.6433958,4560.356604
Transaction History,Data,8/21/2024,BNL RRSP,ROUNDHILL MAGNIFICENT SEVEN,Sell,MAGS,-200,45.61,9122,-1.2867916,9120.713208
Transaction History,Data,8/21/2024,BNL RRSP,NVIDIA CORP,Sell,NVDA,-64,128.11,8199.04,-1.238557312,8197.801443
Transaction History,Data,8/21/2024,BNL RRSP,NVIDIA CORP,Sell,NVDA,-6,128.11,768.66,-0.022364748,768.6376353
Transaction History,Data,8/21/2024,BNL RRSP,ROUNDHILL MAGNIFICENT SEVEN,Sell,MAGS,-100,45.61,4561,-1.1433958,4559.856604
Transaction History,Data,8/21/2024,BNL RRSP,ROUNDHILL MAGNIFICENT SEVEN,Sell,MAGS,-100,45.61,4561,-0.1433958,4560.856604
Transaction History,Data,8/5/2024,BNL RRSP,USD Credit Interest for Jul-2024,Credit Interest,-,-,-,14.95,-,14.95
Transaction History,Data,7/31/2024,BNL RRSP,INVESCO QQQ TRUST SERIES 1,Buy,QQQ,1,467.65,-467.65,-,-467.65
Transaction History,Data,7/31/2024,BNL RRSP,QQQ(US46090E1038) Cash Dividend USD 0.7615 per Share (Ordinary Dividend),Dividend,QQQ,-,-,197.99,-,197.99
Transaction History,Data,7/31/2024,BNL RRSP,INVESCO QQQ TRUST SERIES 1,Buy,QQQ,85,467.65,-39750.25,-1,-39751.25
Transaction History,Data,7/31/2024,BNL RRSP,ROUNDHILL MAGNIFICENT SEVEN,Buy,MAGS,500,44.25,-22125,-2.5,-22127.5
Transaction History,Data,7/30/2024,BNL RRSP,ALPHABET INC-CL C,Sell,GOOG,-50,170.45,8522.5,-1.2452255,8521.254775
Transaction History,Data,7/30/2024,BNL RRSP,NVIDIA CORP,Sell,NVDA,-50,107.06,5353,-1.1571134,5351.842887
Transaction History,Data,7/30/2024,BNL RRSP,CROWDSTRIKE HOLDINGS INC - A,Sell,CRWD,-10,232.97,2329.7,-1.06642566,2328.633574
Transaction History,Data,7/30/2024,BNL RRSP,NVIDIA CORP,Sell,NVDA,-100,105.1705,10517.05,-1.30897399,10515.74103
Transaction History,Data,7/30/2024,BNL RRSP,ADVANCED MICRO DEVICES,Sell,AMD,-30,137,4110,-1.119238,4108.880762
Transaction History,Data,7/30/2024,BNL RRSP,MICROSOFT CORP,Sell,MSFT,-30,397.11,11913.3,-1.33616974,11911.96383
Transaction History,Data,7/30/2024,BNL RRSP,AMAZON.COM INC,Sell,AMZN,-50,177.56,8878,-1.2551084,8876.744892
Transaction History,Data,7/30/2024,BNL RRSP,SUPER MICRO COMPUTER INC,Sell,SMCI,-4,671.18,2684.72,-1.075299216,2683.644701
Transaction History,Data,7/30/2024,BNL RRSP,SUPER MICRO COMPUTER INC,Sell,SMCI,-2,671.41,1342.82,-1.037662396,1341.782338
Transaction History,Data,7/25/2024,BNL RRSP,CRM(US79466L3024) Cash Dividend USD 0.40 per Share (Ordinary Dividend),Dividend,CRM,-,-,4,-,4
Transaction History,Data,7/24/2024,BNL RRSP,SUPER MICRO COMPUTER INC,Buy,SMCI,2,712.8,-1425.6,-1,-1426.6
Transaction History,Data,7/24/2024,BNL RRSP,NVIDIA CORP,Buy,NVDA,20,114.66,-2293.2,-1,-2294.2
Transaction History,Data,7/24/2024,BNL RRSP,ALPHABET INC-CL C,Buy,GOOG,10,174.45,-1744.5,-1,-1745.5
Transaction History,Data,7/24/2024,BNL RRSP,CROWDSTRIKE HOLDINGS INC - A,Buy,CRWD,5,264.17,-1320.85,-1,-1321.85
Transaction History,Data,7/24/2024,BNL RRSP,SUPER MICRO COMPUTER INC,Buy,SMCI,2,723.43,-1446.86,-1,-1447.86
Transaction History,Data,7/24/2024,BNL RRSP,INVESCO QQQ TRUST SERIES 1,Buy,QQQ,10,466.71,-4667.1,-1,-4668.1
Transaction History,Data,7/22/2024,BNL RRSP,CROWDSTRIKE HOLDINGS INC - A,Buy,CRWD,5,269.36,-1346.8,-1,-1347.8
Transaction History,Data,7/19/2024,BNL RRSP,SUPER MICRO COMPUTER INC,Sell,SMCI,-2,796.57,1593.14,-1.044621292,1592.095379
Transaction History,Data,7/18/2024,BNL RRSP,ADVANCED MICRO DEVICES,Buy,AMD,10,155,-1550,-1,-1551
Transaction History,Data,7/18/2024,BNL RRSP,NVIDIA CORP,Sell,NVDA,-10,118.43,1184.3,-1.03458354,1183.265416
Transaction History,Data,7/18/2024,BNL RRSP,NVIDIA CORP,Sell,NVDA,-20,118.49,2369.8,-1.06920044,2368.7308
Transaction History,Data,7/18/2024,BNL RRSP,NVIDIA CORP,Sell,NVDA,-20,118.4907,2369.814,-0.069200829,2369.744799
Transaction History,Data,7/18/2024,BNL RRSP,AMAZON.COM INC,Sell,AMZN,-30,182.37,5471.1,-1.15707658,5469.942923
Transaction History,Data,7/18/2024,BNL RRSP,SALESFORCE INC,Sell,CRM,-10,248.35,2483.5,-1.0707013,2482.429299
Transaction History,Data,7/18/2024,BNL RRSP,SUPER MICRO COMPUTER INC,Buy,SMCI,2,788.79,-1577.58,-1,-1578.58
